line_label,task_name,sample_id,language,bert_score_f1
Llama-3.1-8B exact calibration,unimoral_consequence_generation,Arabic-rq4-Reddit_id_1-b,Arabic,0.6277287
Llama-3.1-8B exact calibration,unimoral_consequence_generation,Arabic-rq4-Reddit_id_10-a,Arabic,0.6232084
Llama-3.1-8B exact calibration,unimoral_consequence_generation,Arabic-rq4-Reddit_id_11-a,Arabic,0.56297928
Llama-3.1-8B exact calibration,unimoral_consequence_generation,Arabic-rq4-Reddit_id_11-b,Arabic,0.5680933
Llama-3.1-8B exact calibration,unimoral_consequence_generation,Arabic-rq4-Reddit_id_12-b,Arabic,0.62367725
Llama-3.1-8B exact calibration,unimoral_consequence_generation,Arabic-rq4-Reddit_id_13-a,Arabic,0.65449846
Llama-3.1-8B exact calibration,unimoral_consequence_generation,Arabic-rq4-Reddit_id_14-a,Arabic,0.59767431
Llama-3.1-8B exact calibration,unimoral_consequence_generation,Arabic-rq4-Reddit_id_14-b,Arabic,0.70870811
Llama-3.1-8B exact calibration,unimoral_consequence_generation,Arabic-rq4-Reddit_id_15-a,Arabic,0.65251362
Llama-3.1-8B exact calibration,unimoral_consequence_generation,Arabic-rq4-Reddit_id_15-b,Arabic,0.62389994
Llama-3.1-8B exact calibration,unimoral_consequence_generation,Arabic-rq4-Reddit_id_16-a,Arabic,0.61012107
Llama-3.1-8B exact calibration,unimoral_consequence_generation,Arabic-rq4-Reddit_id_16-b,Arabic,0.68491542
Llama-3.1-8B exact calibration,unimoral_consequence_generation,Arabic-rq4-Reddit_id_17-a,Arabic,0.62229806
Llama-3.1-8B exact calibration,unimoral_consequence_generation,Arabic-rq4-Reddit_id_17-b,Arabic,0.64850593
Llama-3.1-8B exact calibration,unimoral_consequence_generation,Arabic-rq4-Reddit_id_18-a,Arabic,0.60436332
Llama-3.1-8B exact calibration,unimoral_consequence_generation,Arabic-rq4-Reddit_id_18-b,Arabic,0.61364853
Llama-3.1-8B exact calibration,unimoral_consequence_generation,Arabic-rq4-Reddit_id_19-a,Arabic,0.6566081
Llama-3.1-8B exact calibration,unimoral_consequence_generation,Arabic-rq4-Reddit_id_19-b,Arabic,0.61369014
Llama-3.1-8B exact calibration,unimoral_consequence_generation,Arabic-rq4-Reddit_id_2-a,Arabic,0.60055846
Llama-3.1-8B exact calibration,unimoral_consequence_generation,Arabic-rq4-Reddit_id_2-b,Arabic,0.60244507
Llama-3.1-8B exact calibration,unimoral_consequence_generation,Arabic-rq4-Reddit_id_20-b,Arabic,0.69518811
Llama-3.1-8B exact calibration,unimoral_consequence_generation,Arabic-rq4-Reddit_id_21-a,Arabic,0.69492614
Llama-3.1-8B exact calibration,unimoral_consequence_generation,Arabic-rq4-Reddit_id_22-b,Arabic,0.63134718
Llama-3.1-8B exact calibration,unimoral_consequence_generation,Arabic-rq4-Reddit_id_23-a,Arabic,0.67303598
Llama-3.1-8B exact calibration,unimoral_consequence_generation,Arabic-rq4-Reddit_id_24-a,Arabic,0.63961136
Llama-3.1-8B exact calibration,unimoral_consequence_generation,Arabic-rq4-Reddit_id_24-b,Arabic,0.57175094
Llama-3.1-8B exact calibration,unimoral_consequence_generation,Arabic-rq4-Reddit_id_25-a,Arabic,0.5832023
Llama-3.1-8B exact calibration,unimoral_consequence_generation,Arabic-rq4-Reddit_id_25-b,Arabic,0.57098252
Llama-3.1-8B exact calibration,unimoral_consequence_generation,Arabic-rq4-Reddit_id_26-a,Arabic,0.56868428
Llama-3.1-8B exact calibration,unimoral_consequence_generation,Arabic-rq4-Reddit_id_27-a,Arabic,0.61319506
Llama-3.1-8B exact calibration,unimoral_consequence_generation,Arabic-rq4-Reddit_id_28-a,Arabic,0.62212998
Llama-3.1-8B exact calibration,unimoral_consequence_generation,Arabic-rq4-Reddit_id_29-a,Arabic,0.60601085
Llama-3.1-8B exact calibration,unimoral_consequence_generation,Arabic-rq4-Reddit_id_29-b,Arabic,0.65088874
Llama-3.1-8B exact calibration,unimoral_consequence_generation,Arabic-rq4-Reddit_id_3-a,Arabic,0.59755701
Llama-3.1-8B exact calibration,unimoral_consequence_generation,Arabic-rq4-Reddit_id_30-a,Arabic,0.58151698
Llama-3.1-8B exact calibration,unimoral_consequence_generation,Arabic-rq4-Reddit_id_31-a,Arabic,0.64594257
Llama-3.1-8B exact calibration,unimoral_consequence_generation,Arabic-rq4-Reddit_id_31-b,Arabic,0.63902277
Llama-3.1-8B exact calibration,unimoral_consequence_generation,Arabic-rq4-Reddit_id_32-a,Arabic,0.59949106
Llama-3.1-8B exact calibration,unimoral_consequence_generation,Arabic-rq4-Reddit_id_32-b,Arabic,0.63582611
Llama-3.1-8B exact calibration,unimoral_consequence_generation,Arabic-rq4-Reddit_id_33-a,Arabic,0.63292491
Llama-3.1-8B exact calibration,unimoral_consequence_generation,Arabic-rq4-Reddit_id_33-b,Arabic,0.61068022
Llama-3.1-8B exact calibration,unimoral_consequence_generation,Arabic-rq4-Reddit_id_34-a,Arabic,0.5591296
Llama-3.1-8B exact calibration,unimoral_consequence_generation,Arabic-rq4-Reddit_id_34-b,Arabic,0.63008338
Llama-3.1-8B exact calibration,unimoral_consequence_generation,Arabic-rq4-Reddit_id_35-a,Arabic,0.66924864
Llama-3.1-8B exact calibration,unimoral_consequence_generation,Arabic-rq4-Reddit_id_35-b,Arabic,0.5970695
Llama-3.1-8B exact calibration,unimoral_consequence_generation,Arabic-rq4-Reddit_id_36-a,Arabic,0.59298104
Llama-3.1-8B exact calibration,unimoral_consequence_generation,Arabic-rq4-Reddit_id_36-b,Arabic,0.58993196
Llama-3.1-8B exact calibration,unimoral_consequence_generation,Arabic-rq4-Reddit_id_37-a,Arabic,0.6749087
Llama-3.1-8B exact calibration,unimoral_consequence_generation,Arabic-rq4-Reddit_id_38-a,Arabic,0.64099336
Llama-3.1-8B exact calibration,unimoral_consequence_generation,Arabic-rq4-Reddit_id_39-a,Arabic,0.58204114
Llama-3.1-8B exact calibration,unimoral_consequence_generation,Arabic-rq4-Reddit_id_39-b,Arabic,0.55658787
Llama-3.1-8B exact calibration,unimoral_consequence_generation,Arabic-rq4-Reddit_id_4-a,Arabic,0.63291234
Llama-3.1-8B exact calibration,unimoral_consequence_generation,Arabic-rq4-Reddit_id_4-b,Arabic,0.55600673
Llama-3.1-8B exact calibration,unimoral_consequence_generation,Arabic-rq4-Reddit_id_40-a,Arabic,0.56530923
Llama-3.1-8B exact calibration,unimoral_consequence_generation,Arabic-rq4-Reddit_id_40-b,Arabic,0.64197522
Llama-3.1-8B exact calibration,unimoral_consequence_generation,Arabic-rq4-Reddit_id_41-a,Arabic,0.62695366
Llama-3.1-8B exact calibration,unimoral_consequence_generation,Arabic-rq4-Reddit_id_41-b,Arabic,0.68087757
Llama-3.1-8B exact calibration,unimoral_consequence_generation,Arabic-rq4-Reddit_id_42-a,Arabic,0.62027556
Llama-3.1-8B exact calibration,unimoral_consequence_generation,Arabic-rq4-Reddit_id_42-b,Arabic,0.59499043
Llama-3.1-8B exact calibration,unimoral_consequence_generation,Arabic-rq4-Reddit_id_43-a,Arabic,0.60879356
Llama-3.1-8B exact calibration,unimoral_consequence_generation,Arabic-rq4-Reddit_id_44-a,Arabic,0.61214173
Llama-3.1-8B exact calibration,unimoral_consequence_generation,Arabic-rq4-Reddit_id_44-b,Arabic,0.65499711
Llama-3.1-8B exact calibration,unimoral_consequence_generation,Arabic-rq4-Reddit_id_45-a,Arabic,0.61886317
Llama-3.1-8B exact calibration,unimoral_consequence_generation,Arabic-rq4-Reddit_id_45-b,Arabic,0.61470807
Llama-3.1-8B exact calibration,unimoral_consequence_generation,Arabic-rq4-Reddit_id_46-a,Arabic,0.59684998
Llama-3.1-8B exact calibration,unimoral_consequence_generation,Arabic-rq4-Reddit_id_46-b,Arabic,0.54047716
Llama-3.1-8B exact calibration,unimoral_consequence_generation,Arabic-rq4-Reddit_id_47-a,Arabic,0.65381825
Llama-3.1-8B exact calibration,unimoral_consequence_generation,Arabic-rq4-Reddit_id_47-b,Arabic,0.59616309
Llama-3.1-8B exact calibration,unimoral_consequence_generation,Arabic-rq4-Reddit_id_48-a,Arabic,0.65326446
Llama-3.1-8B exact calibration,unimoral_consequence_generation,Arabic-rq4-Reddit_id_49-a,Arabic,0.6078949
Llama-3.1-8B exact calibration,unimoral_consequence_generation,Arabic-rq4-Reddit_id_49-b,Arabic,0.59045178
Llama-3.1-8B exact calibration,unimoral_consequence_generation,Arabic-rq4-Reddit_id_5-a,Arabic,0.62132514
Llama-3.1-8B exact calibration,unimoral_consequence_generation,Arabic-rq4-Reddit_id_5-b,Arabic,0.61252052
Llama-3.1-8B exact calibration,unimoral_consequence_generation,Arabic-rq4-Reddit_id_50-a,Arabic,0.68593627
Llama-3.1-8B exact calibration,unimoral_consequence_generation,Arabic-rq4-Reddit_id_6-a,Arabic,0.62099105
Llama-3.1-8B exact calibration,unimoral_consequence_generation,Arabic-rq4-Reddit_id_6-b,Arabic,0.55401248
Llama-3.1-8B exact calibration,unimoral_consequence_generation,Arabic-rq4-Reddit_id_7-b,Arabic,0.64637673
Llama-3.1-8B exact calibration,unimoral_consequence_generation,Arabic-rq4-Reddit_id_8-a,Arabic,0.60610425
Llama-3.1-8B exact calibration,unimoral_consequence_generation,Arabic-rq4-Reddit_id_8-b,Arabic,0.57008314
Llama-3.1-8B exact calibration,unimoral_consequence_generation,Arabic-rq4-Reddit_id_9-a,Arabic,0.60490268
Llama-3.1-8B exact calibration,unimoral_consequence_generation,Arabic-rq4-Reddit_id_9-b,Arabic,0.6103273
Llama-3.1-8B exact calibration,unimoral_consequence_generation,Arabic-rq4-long_id_0_MJI_Emotions-a,Arabic,0.62243086
Llama-3.1-8B exact calibration,unimoral_consequence_generation,Arabic-rq4-long_id_0_MJI_Emotions-b,Arabic,0.58108306
Llama-3.1-8B exact calibration,unimoral_consequence_generation,Arabic-rq4-long_id_100_DIT_Rules-a,Arabic,0.60274786
Llama-3.1-8B exact calibration,unimoral_consequence_generation,Arabic-rq4-long_id_100_DIT_Rules-b,Arabic,0.60190368
Llama-3.1-8B exact calibration,unimoral_consequence_generation,Arabic-rq4-long_id_101_DIT_Rules-a,Arabic,0.60472959
Llama-3.1-8B exact calibration,unimoral_consequence_generation,Arabic-rq4-long_id_101_DIT_Rules-b,Arabic,0.61262035
Llama-3.1-8B exact calibration,unimoral_consequence_generation,Arabic-rq4-long_id_102_DIT_Rules-a,Arabic,0.64556134
Llama-3.1-8B exact calibration,unimoral_consequence_generation,Arabic-rq4-long_id_103_DIT_Rules-a,Arabic,0.61938989
Llama-3.1-8B exact calibration,unimoral_consequence_generation,Arabic-rq4-long_id_103_DIT_Rules-b,Arabic,0.62655574
Llama-3.1-8B exact calibration,unimoral_consequence_generation,Arabic-rq4-long_id_104_DIT_Rules-a,Arabic,0.59227854
Llama-3.1-8B exact calibration,unimoral_consequence_generation,Arabic-rq4-long_id_104_DIT_Rules-b,Arabic,0.60941589
Llama-3.1-8B exact calibration,unimoral_consequence_generation,Arabic-rq4-long_id_105_DIT_Politeness-a,Arabic,0.62466985
Llama-3.1-8B exact calibration,unimoral_consequence_generation,Arabic-rq4-long_id_105_DIT_Politeness-b,Arabic,0.59121776
Llama-3.1-8B exact calibration,unimoral_consequence_generation,Arabic-rq4-long_id_106_DIT_Politeness-a,Arabic,0.70414585
Llama-3.1-8B exact calibration,unimoral_consequence_generation,Arabic-rq4-long_id_106_DIT_Politeness-b,Arabic,0.58131266
Llama-3.1-8B exact calibration,unimoral_consequence_generation,Arabic-rq4-long_id_107_DIT_Politeness-a,Arabic,0.63721913
Llama-3.1-8B exact calibration,unimoral_consequence_generation,Arabic-rq4-long_id_107_DIT_Politeness-b,Arabic,0.5733701
Llama-3.1-8B exact calibration,unimoral_consequence_generation,Arabic-rq4-long_id_108_DIT_Politeness-b,Arabic,0.60828245
Llama-3.1-8B exact calibration,unimoral_consequence_generation,Arabic-rq4-long_id_109_DIT_Politeness-b,Arabic,0.61028206
Llama-3.1-8B exact calibration,unimoral_consequence_generation,Arabic-rq4-long_id_10_MJI_Moral-a,Arabic,0.60448515
Llama-3.1-8B exact calibration,unimoral_consequence_generation,Arabic-rq4-long_id_110_DIT_Politeness-a,Arabic,0.63291264
Llama-3.1-8B exact calibration,unimoral_consequence_generation,Arabic-rq4-long_id_110_DIT_Politeness-b,Arabic,0.61048341
Llama-3.1-8B exact calibration,unimoral_consequence_generation,Arabic-rq4-long_id_111_DIT_Sacred Values-b,Arabic,0.64987731
Llama-3.1-8B exact calibration,unimoral_consequence_generation,Arabic-rq4-long_id_112_DIT_Sacred Values-a,Arabic,0.59234774
Llama-3.1-8B exact calibration,unimoral_consequence_generation,Arabic-rq4-long_id_112_DIT_Sacred Values-b,Arabic,0.59590733
Llama-3.1-8B exact calibration,unimoral_consequence_generation,Arabic-rq4-long_id_113_DIT_Sacred Values-b,Arabic,0.61952752
Llama-3.1-8B exact calibration,unimoral_consequence_generation,Arabic-rq4-long_id_114_DIT_Sacred Values-a,Arabic,0.60816407
Llama-3.1-8B exact calibration,unimoral_consequence_generation,Arabic-rq4-long_id_115_DIT_Sacred Values-a,Arabic,0.58244997
Llama-3.1-8B exact calibration,unimoral_consequence_generation,Arabic-rq4-long_id_115_DIT_Sacred Values-b,Arabic,0.65219325
Llama-3.1-8B exact calibration,unimoral_consequence_generation,Arabic-rq4-long_id_116_DIT_Sacred Values-a,Arabic,0.60259879
Llama-3.1-8B exact calibration,unimoral_consequence_generation,Arabic-rq4-long_id_116_DIT_Sacred Values-b,Arabic,0.64646691
Llama-3.1-8B exact calibration,unimoral_consequence_generation,Arabic-rq4-long_id_117_MCT_Emotions-a,Arabic,0.63596213
Llama-3.1-8B exact calibration,unimoral_consequence_generation,Arabic-rq4-long_id_117_MCT_Emotions-b,Arabic,0.56786132
Llama-3.1-8B exact calibration,unimoral_consequence_generation,Arabic-rq4-long_id_118_MCT_Emotions-b,Arabic,0.61666548
Llama-3.1-8B exact calibration,unimoral_consequence_generation,Arabic-rq4-long_id_119_MCT_Emotions-b,Arabic,0.6259402
Llama-3.1-8B exact calibration,unimoral_consequence_generation,Arabic-rq4-long_id_11_MJI_Moral-a,Arabic,0.61818445
Llama-3.1-8B exact calibration,unimoral_consequence_generation,Arabic-rq4-long_id_11_MJI_Moral-b,Arabic,0.58481777
Llama-3.1-8B exact calibration,unimoral_consequence_generation,Arabic-rq4-long_id_120_MCT_Moral-a,Arabic,0.68065602
Llama-3.1-8B exact calibration,unimoral_consequence_generation,Arabic-rq4-long_id_121_MCT_Moral-a,Arabic,0.61003017
Llama-3.1-8B exact calibration,unimoral_consequence_generation,Arabic-rq4-long_id_121_MCT_Moral-b,Arabic,0.56651461
Llama-3.1-8B exact calibration,unimoral_consequence_generation,Arabic-rq4-long_id_122_MCT_Moral-a,Arabic,0.6782515
Llama-3.1-8B exact calibration,unimoral_consequence_generation,Arabic-rq4-long_id_123_MCT_Culture-a,Arabic,0.59496379
Llama-3.1-8B exact calibration,unimoral_consequence_generation,Arabic-rq4-long_id_123_MCT_Culture-b,Arabic,0.59239125
Llama-3.1-8B exact calibration,unimoral_consequence_generation,Arabic-rq4-long_id_124_MCT_Culture-a,Arabic,0.60366809
Llama-3.1-8B exact calibration,unimoral_consequence_generation,Arabic-rq4-long_id_124_MCT_Culture-b,Arabic,0.59099752
Llama-3.1-8B exact calibration,unimoral_consequence_generation,Arabic-rq4-long_id_125_MCT_Culture-b,Arabic,0.64001322
Llama-3.1-8B exact calibration,unimoral_consequence_generation,Arabic-rq4-long_id_126_MCT_Responsibilities-a,Arabic,0.59165794
Llama-3.1-8B exact calibration,unimoral_consequence_generation,Arabic-rq4-long_id_126_MCT_Responsibilities-b,Arabic,0.62269348
Llama-3.1-8B exact calibration,unimoral_consequence_generation,Arabic-rq4-long_id_127_MCT_Responsibilities-a,Arabic,0.56362551
Llama-3.1-8B exact calibration,unimoral_consequence_generation,Arabic-rq4-long_id_127_MCT_Responsibilities-b,Arabic,0.57371527
Llama-3.1-8B exact calibration,unimoral_consequence_generation,Arabic-rq4-long_id_128_MCT_Responsibilities-a,Arabic,0.63725758
Llama-3.1-8B exact calibration,unimoral_consequence_generation,Arabic-rq4-long_id_129_MCT_Relationships-a,Arabic,0.58220863
Llama-3.1-8B exact calibration,unimoral_consequence_generation,Arabic-rq4-long_id_129_MCT_Relationships-b,Arabic,0.62963182
Llama-3.1-8B exact calibration,unimoral_consequence_generation,Arabic-rq4-long_id_12_MJI_Moral-a,Arabic,0.76712644
Llama-3.1-8B exact calibration,unimoral_consequence_generation,Arabic-rq4-long_id_130_MCT_Relationships-a,Arabic,0.61807454
Llama-3.1-8B exact calibration,unimoral_consequence_generation,Arabic-rq4-long_id_131_MCT_Relationships-b,Arabic,0.65615982
Llama-3.1-8B exact calibration,unimoral_consequence_generation,Arabic-rq4-long_id_132_MCT_Legality-a,Arabic,0.70724362
Llama-3.1-8B exact calibration,unimoral_consequence_generation,Arabic-rq4-long_id_132_MCT_Legality-b,Arabic,0.59566534
Llama-3.1-8B exact calibration,unimoral_consequence_generation,Arabic-rq4-long_id_133_MCT_Legality-a,Arabic,0.61675358
Llama-3.1-8B exact calibration,unimoral_consequence_generation,Arabic-rq4-long_id_134_MCT_Legality-a,Arabic,0.62816405
Llama-3.1-8B exact calibration,unimoral_consequence_generation,Arabic-rq4-long_id_134_MCT_Legality-b,Arabic,0.67753142
Llama-3.1-8B exact calibration,unimoral_consequence_generation,Arabic-rq4-long_id_135_MCT_Rules-a,Arabic,0.67670768
Llama-3.1-8B exact calibration,unimoral_consequence_generation,Arabic-rq4-long_id_136_MCT_Rules-a,Arabic,0.63642764
Llama-3.1-8B exact calibration,unimoral_consequence_generation,Arabic-rq4-long_id_136_MCT_Rules-b,Arabic,0.65630144
Llama-3.1-8B exact calibration,unimoral_consequence_generation,Arabic-rq4-long_id_137_MCT_Rules-a,Arabic,0.62018317
Llama-3.1-8B exact calibration,unimoral_consequence_generation,Arabic-rq4-long_id_138_MCT_Politeness-a,Arabic,0.66184473
Llama-3.1-8B exact calibration,unimoral_consequence_generation,Arabic-rq4-long_id_138_MCT_Politeness-b,Arabic,0.55637395
Llama-3.1-8B exact calibration,unimoral_consequence_generation,Arabic-rq4-long_id_139_MCT_Politeness-a,Arabic,0.62960345
Llama-3.1-8B exact calibration,unimoral_consequence_generation,Arabic-rq4-long_id_139_MCT_Politeness-b,Arabic,0.78722733
Llama-3.1-8B exact calibration,unimoral_consequence_generation,Arabic-rq4-long_id_13_MJI_Moral-a,Arabic,0.62530577
Llama-3.1-8B exact calibration,unimoral_consequence_generation,Arabic-rq4-long_id_140_MCT_Politeness-a,Arabic,0.60344642
Llama-3.1-8B exact calibration,unimoral_consequence_generation,Arabic-rq4-long_id_141_MCT_Sacred Values-a,Arabic,0.61858624
Llama-3.1-8B exact calibration,unimoral_consequence_generation,Arabic-rq4-long_id_141_MCT_Sacred Values-b,Arabic,0.63309091
Llama-3.1-8B exact calibration,unimoral_consequence_generation,Arabic-rq4-long_id_142_MCT_Sacred Values-a,Arabic,0.59874654
Llama-3.1-8B exact calibration,unimoral_consequence_generation,Arabic-rq4-long_id_142_MCT_Sacred Values-b,Arabic,0.56569219
Llama-3.1-8B exact calibration,unimoral_consequence_generation,Arabic-rq4-long_id_143_MCT_Sacred Values-a,Arabic,0.62330574
Llama-3.1-8B exact calibration,unimoral_consequence_generation,Arabic-rq4-long_id_14_MJI_Culture-b,Arabic,0.60338497
Llama-3.1-8B exact calibration,unimoral_consequence_generation,Arabic-rq4-long_id_15_MJI_Culture-a,Arabic,0.62305617
Llama-3.1-8B exact calibration,unimoral_consequence_generation,Arabic-rq4-long_id_16_MJI_Culture-a,Arabic,0.57353586
Llama-3.1-8B exact calibration,unimoral_consequence_generation,Arabic-rq4-long_id_16_MJI_Culture-b,Arabic,0.60330552
Llama-3.1-8B exact calibration,unimoral_consequence_generation,Arabic-rq4-long_id_17_MJI_Culture-a,Arabic,0.68147099
Llama-3.1-8B exact calibration,unimoral_consequence_generation,Arabic-rq4-long_id_18_MJI_Culture-a,Arabic,0.56843263
Llama-3.1-8B exact calibration,unimoral_consequence_generation,Arabic-rq4-long_id_18_MJI_Culture-b,Arabic,0.57055926
Llama-3.1-8B exact calibration,unimoral_consequence_generation,Arabic-rq4-long_id_19_MJI_Culture-a,Arabic,0.60762042
Llama-3.1-8B exact calibration,unimoral_consequence_generation,Arabic-rq4-long_id_19_MJI_Culture-b,Arabic,0.58332837
Llama-3.1-8B exact calibration,unimoral_consequence_generation,Arabic-rq4-long_id_1_MJI_Emotions-a,Arabic,0.57022536
Llama-3.1-8B exact calibration,unimoral_consequence_generation,Arabic-rq4-long_id_1_MJI_Emotions-b,Arabic,0.66842741
Llama-3.1-8B exact calibration,unimoral_consequence_generation,Arabic-rq4-long_id_20_MJI_Culture-a,Arabic,0.63997823
Llama-3.1-8B exact calibration,unimoral_consequence_generation,Arabic-rq4-long_id_20_MJI_Culture-b,Arabic,0.69722515
Llama-3.1-8B exact calibration,unimoral_consequence_generation,Arabic-rq4-long_id_21_MJI_Responsibilities-a,Arabic,0.59944594
Llama-3.1-8B exact calibration,unimoral_consequence_generation,Arabic-rq4-long_id_21_MJI_Responsibilities-b,Arabic,0.62452048
Llama-3.1-8B exact calibration,unimoral_consequence_generation,Arabic-rq4-long_id_22_MJI_Responsibilities-a,Arabic,0.61610311
Llama-3.1-8B exact calibration,unimoral_consequence_generation,Arabic-rq4-long_id_22_MJI_Responsibilities-b,Arabic,0.61188436
Llama-3.1-8B exact calibration,unimoral_consequence_generation,Arabic-rq4-long_id_23_MJI_Responsibilities-a,Arabic,0.58962494
Llama-3.1-8B exact calibration,unimoral_consequence_generation,Arabic-rq4-long_id_23_MJI_Responsibilities-b,Arabic,0.61833829
Llama-3.1-8B exact calibration,unimoral_consequence_generation,Arabic-rq4-long_id_24_MJI_Responsibilities-a,Arabic,0.67489427
Llama-3.1-8B exact calibration,unimoral_consequence_generation,Arabic-rq4-long_id_24_MJI_Responsibilities-b,Arabic,0.5883534
Llama-3.1-8B exact calibration,unimoral_consequence_generation,Arabic-rq4-long_id_25_MJI_Responsibilities-b,Arabic,0.62739348
Llama-3.1-8B exact calibration,unimoral_consequence_generation,Arabic-rq4-long_id_26_MJI_Responsibilities-a,Arabic,0.66884536
Llama-3.1-8B exact calibration,unimoral_consequence_generation,Arabic-rq4-long_id_27_MJI_Responsibilities-a,Arabic,0.68345493
Llama-3.1-8B exact calibration,unimoral_consequence_generation,Arabic-rq4-long_id_27_MJI_Responsibilities-b,Arabic,0.59616774
Llama-3.1-8B exact calibration,unimoral_consequence_generation,Arabic-rq4-long_id_28_MJI_Relationships-b,Arabic,0.61544555
Llama-3.1-8B exact calibration,unimoral_consequence_generation,Arabic-rq4-long_id_29_MJI_Relationships-a,Arabic,0.64234132
Llama-3.1-8B exact calibration,unimoral_consequence_generation,Arabic-rq4-long_id_29_MJI_Relationships-b,Arabic,0.61079144
Llama-3.1-8B exact calibration,unimoral_consequence_generation,Arabic-rq4-long_id_2_MJI_Emotions-a,Arabic,0.59283096
Llama-3.1-8B exact calibration,unimoral_consequence_generation,Arabic-rq4-long_id_30_MJI_Relationships-b,Arabic,0.61515373
Llama-3.1-8B exact calibration,unimoral_consequence_generation,Arabic-rq4-long_id_31_MJI_Relationships-a,Arabic,0.67280477
Llama-3.1-8B exact calibration,unimoral_consequence_generation,Arabic-rq4-long_id_32_MJI_Relationships-a,Arabic,0.64245343
Llama-3.1-8B exact calibration,unimoral_consequence_generation,Arabic-rq4-long_id_32_MJI_Relationships-b,Arabic,0.61848837
Llama-3.1-8B exact calibration,unimoral_consequence_generation,Arabic-rq4-long_id_33_MJI_Relationships-a,Arabic,0.62606126
Llama-3.1-8B exact calibration,unimoral_consequence_generation,Arabic-rq4-long_id_33_MJI_Relationships-b,Arabic,0.65524453
Llama-3.1-8B exact calibration,unimoral_consequence_generation,Arabic-rq4-long_id_34_MJI_Relationships-a,Arabic,0.64293706
Llama-3.1-8B exact calibration,unimoral_consequence_generation,Arabic-rq4-long_id_34_MJI_Relationships-b,Arabic,0.60601628
Llama-3.1-8B exact calibration,unimoral_consequence_generation,Arabic-rq4-long_id_35_MJI_Legality-a,Arabic,0.65660357
Llama-3.1-8B exact calibration,unimoral_consequence_generation,Arabic-rq4-long_id_35_MJI_Legality-b,Arabic,0.63213527
Llama-3.1-8B exact calibration,unimoral_consequence_generation,Arabic-rq4-long_id_36_MJI_Legality-b,Arabic,0.60932428
Llama-3.1-8B exact calibration,unimoral_consequence_generation,Arabic-rq4-long_id_37_MJI_Legality-a,Arabic,0.64239794
Llama-3.1-8B exact calibration,unimoral_consequence_generation,Arabic-rq4-long_id_38_MJI_Legality-a,Arabic,0.69021499
Llama-3.1-8B exact calibration,unimoral_consequence_generation,Arabic-rq4-long_id_39_MJI_Legality-a,Arabic,0.63635743
Llama-3.1-8B exact calibration,unimoral_consequence_generation,Arabic-rq4-long_id_39_MJI_Legality-b,Arabic,0.56739503
Llama-3.1-8B exact calibration,unimoral_consequence_generation,Arabic-rq4-long_id_3_MJI_Emotions-a,Arabic,0.68613362
Llama-3.1-8B exact calibration,unimoral_consequence_generation,Arabic-rq4-long_id_40_MJI_Legality-a,Arabic,0.60781091
Llama-3.1-8B exact calibration,unimoral_consequence_generation,Arabic-rq4-long_id_40_MJI_Legality-b,Arabic,0.61892611
Llama-3.1-8B exact calibration,unimoral_consequence_generation,Arabic-rq4-long_id_41_MJI_Legality-a,Arabic,0.62676126
Llama-3.1-8B exact calibration,unimoral_consequence_generation,Arabic-rq4-long_id_41_MJI_Legality-b,Arabic,0.48773074
Llama-3.1-8B exact calibration,unimoral_consequence_generation,Arabic-rq4-long_id_42_MJI_Rules-b,Arabic,0.58857566
Llama-3.1-8B exact calibration,unimoral_consequence_generation,Arabic-rq4-long_id_43_MJI_Rules-a,Arabic,0.64243585
Llama-3.1-8B exact calibration,unimoral_consequence_generation,Arabic-rq4-long_id_43_MJI_Rules-b,Arabic,0.59595245
Llama-3.1-8B exact calibration,unimoral_consequence_generation,Arabic-rq4-long_id_44_MJI_Rules-a,Arabic,0.56008995
Llama-3.1-8B exact calibration,unimoral_consequence_generation,Arabic-rq4-long_id_44_MJI_Rules-b,Arabic,0.69440305
Llama-3.1-8B exact calibration,unimoral_consequence_generation,Arabic-rq4-long_id_45_MJI_Rules-b,Arabic,0.66223216
Llama-3.1-8B exact calibration,unimoral_consequence_generation,Arabic-rq4-long_id_46_MJI_Rules-a,Arabic,0.69177139
Llama-3.1-8B exact calibration,unimoral_consequence_generation,Arabic-rq4-long_id_46_MJI_Rules-b,Arabic,0.65485704
Llama-3.1-8B exact calibration,unimoral_consequence_generation,Arabic-rq4-long_id_47_MJI_Rules-a,Arabic,0.66879338
Llama-3.1-8B exact calibration,unimoral_consequence_generation,Arabic-rq4-long_id_47_MJI_Rules-b,Arabic,0.59508729
Llama-3.1-8B exact calibration,unimoral_consequence_generation,Arabic-rq4-long_id_48_MJI_Rules-a,Arabic,0.61837441
Llama-3.1-8B exact calibration,unimoral_consequence_generation,Arabic-rq4-long_id_49_MJI_Politeness-a,Arabic,0.68087661
Llama-3.1-8B exact calibration,unimoral_consequence_generation,Arabic-rq4-long_id_49_MJI_Politeness-b,Arabic,0.67481363
Llama-3.1-8B exact calibration,unimoral_consequence_generation,Arabic-rq4-long_id_4_MJI_Emotions-a,Arabic,0.6479851
Llama-3.1-8B exact calibration,unimoral_consequence_generation,Arabic-rq4-long_id_50_MJI_Politeness-a,Arabic,0.64447433
Llama-3.1-8B exact calibration,unimoral_consequence_generation,Arabic-rq4-long_id_51_MJI_Politeness-b,Arabic,0.6718865
Llama-3.1-8B exact calibration,unimoral_consequence_generation,Arabic-rq4-long_id_52_MJI_Politeness-a,Arabic,0.87416053
Llama-3.1-8B exact calibration,unimoral_consequence_generation,Arabic-rq4-long_id_52_MJI_Politeness-b,Arabic,0.74257678
Llama-3.1-8B exact calibration,unimoral_consequence_generation,Arabic-rq4-long_id_53_MJI_Politeness-a,Arabic,0.66532683
Llama-3.1-8B exact calibration,unimoral_consequence_generation,Arabic-rq4-long_id_53_MJI_Politeness-b,Arabic,0.58813047
Llama-3.1-8B exact calibration,unimoral_consequence_generation,Arabic-rq4-long_id_54_MJI_Politeness-a,Arabic,0.54960954
Llama-3.1-8B exact calibration,unimoral_consequence_generation,Arabic-rq4-long_id_54_MJI_Politeness-b,Arabic,0.62734735
Llama-3.1-8B exact calibration,unimoral_consequence_generation,Arabic-rq4-long_id_55_MJI_Politeness-a,Arabic,0.64071965
Llama-3.1-8B exact calibration,unimoral_consequence_generation,Arabic-rq4-long_id_55_MJI_Politeness-b,Arabic,0.583978
Llama-3.1-8B exact calibration,unimoral_consequence_generation,Arabic-rq4-long_id_56_MJI_Sacred Values-a,Arabic,0.63561732
Llama-3.1-8B exact calibration,unimoral_consequence_generation,Arabic-rq4-long_id_57_MJI_Sacred Values-a,Arabic,0.78326106
Llama-3.1-8B exact calibration,unimoral_consequence_generation,Arabic-rq4-long_id_58_MJI_Sacred Values-a,Arabic,0.74552613
Llama-3.1-8B exact calibration,unimoral_consequence_generation,Arabic-rq4-long_id_59_MJI_Sacred Values-a,Arabic,0.63340074
Llama-3.1-8B exact calibration,unimoral_consequence_generation,Arabic-rq4-long_id_59_MJI_Sacred Values-b,Arabic,0.58801961
Llama-3.1-8B exact calibration,unimoral_consequence_generation,Arabic-rq4-long_id_5_MJI_Emotions-a,Arabic,0.6291061
Llama-3.1-8B exact calibration,unimoral_consequence_generation,Arabic-rq4-long_id_5_MJI_Emotions-b,Arabic,0.65243214
Llama-3.1-8B exact calibration,unimoral_consequence_generation,Arabic-rq4-long_id_60_MJI_Sacred Values-a,Arabic,0.55175269
Llama-3.1-8B exact calibration,unimoral_consequence_generation,Arabic-rq4-long_id_60_MJI_Sacred Values-b,Arabic,0.61921042
Llama-3.1-8B exact calibration,unimoral_consequence_generation,Arabic-rq4-long_id_61_MJI_Sacred Values-a,Arabic,0.62462759
Llama-3.1-8B exact calibration,unimoral_consequence_generation,Arabic-rq4-long_id_61_MJI_Sacred Values-b,Arabic,0.65117824
Llama-3.1-8B exact calibration,unimoral_consequence_generation,Arabic-rq4-long_id_62_MJI_Sacred Values-a,Arabic,0.53234547
Llama-3.1-8B exact calibration,unimoral_consequence_generation,Arabic-rq4-long_id_62_MJI_Sacred Values-b,Arabic,0.58968705
Llama-3.1-8B exact calibration,unimoral_consequence_generation,Arabic-rq4-long_id_63_DIT_Emotions-a,Arabic,0.6180259
Llama-3.1-8B exact calibration,unimoral_consequence_generation,Arabic-rq4-long_id_63_DIT_Emotions-b,Arabic,0.64070779
Llama-3.1-8B exact calibration,unimoral_consequence_generation,Arabic-rq4-long_id_64_DIT_Emotions-a,Arabic,0.69399816
Llama-3.1-8B exact calibration,unimoral_consequence_generation,Arabic-rq4-long_id_65_DIT_Emotions-a,Arabic,0.74242616
Llama-3.1-8B exact calibration,unimoral_consequence_generation,Arabic-rq4-long_id_66_DIT_Emotions-a,Arabic,0.59927028
Llama-3.1-8B exact calibration,unimoral_consequence_generation,Arabic-rq4-long_id_67_DIT_Emotions-b,Arabic,0.70836157
Llama-3.1-8B exact calibration,unimoral_consequence_generation,Arabic-rq4-long_id_68_DIT_Emotions-b,Arabic,0.69721186
Llama-3.1-8B exact calibration,unimoral_consequence_generation,Arabic-rq4-long_id_69_DIT_Moral-b,Arabic,0.61395848
Llama-3.1-8B exact calibration,unimoral_consequence_generation,Arabic-rq4-long_id_6_MJI_Emotions-a,Arabic,0.60992771
Llama-3.1-8B exact calibration,unimoral_consequence_generation,Arabic-rq4-long_id_6_MJI_Emotions-b,Arabic,0.74986631
Llama-3.1-8B exact calibration,unimoral_consequence_generation,Arabic-rq4-long_id_70_DIT_Moral-a,Arabic,0.58550364
Llama-3.1-8B exact calibration,unimoral_consequence_generation,Arabic-rq4-long_id_70_DIT_Moral-b,Arabic,0.63177973
Llama-3.1-8B exact calibration,unimoral_consequence_generation,Arabic-rq4-long_id_71_DIT_Moral-a,Arabic,0.66210532
Llama-3.1-8B exact calibration,unimoral_consequence_generation,Arabic-rq4-long_id_72_DIT_Moral-b,Arabic,0.66975063
Llama-3.1-8B exact calibration,unimoral_consequence_generation,Arabic-rq4-long_id_73_DIT_Moral-b,Arabic,0.63513833
Llama-3.1-8B exact calibration,unimoral_consequence_generation,Arabic-rq4-long_id_74_DIT_Moral-a,Arabic,0.68105608
Llama-3.1-8B exact calibration,unimoral_consequence_generation,Arabic-rq4-long_id_75_DIT_Culture-a,Arabic,0.5782091
Llama-3.1-8B exact calibration,unimoral_consequence_generation,Arabic-rq4-long_id_75_DIT_Culture-b,Arabic,0.65690202
Llama-3.1-8B exact calibration,unimoral_consequence_generation,Arabic-rq4-long_id_76_DIT_Culture-a,Arabic,0.57791471
Llama-3.1-8B exact calibration,unimoral_consequence_generation,Arabic-rq4-long_id_76_DIT_Culture-b,Arabic,0.65465748
Llama-3.1-8B exact calibration,unimoral_consequence_generation,Arabic-rq4-long_id_77_DIT_Culture-a,Arabic,0.58977669
Llama-3.1-8B exact calibration,unimoral_consequence_generation,Arabic-rq4-long_id_77_DIT_Culture-b,Arabic,0.60975844
Llama-3.1-8B exact calibration,unimoral_consequence_generation,Arabic-rq4-long_id_78_DIT_Culture-a,Arabic,0.59228379
Llama-3.1-8B exact calibration,unimoral_consequence_generation,Arabic-rq4-long_id_79_DIT_Culture-a,Arabic,0.57894671
Llama-3.1-8B exact calibration,unimoral_consequence_generation,Arabic-rq4-long_id_79_DIT_Culture-b,Arabic,0.72590131
Llama-3.1-8B exact calibration,unimoral_consequence_generation,Arabic-rq4-long_id_7_MJI_Moral-b,Arabic,0.5938502
Llama-3.1-8B exact calibration,unimoral_consequence_generation,Arabic-rq4-long_id_80_DIT_Culture-b,Arabic,0.6335842
Llama-3.1-8B exact calibration,unimoral_consequence_generation,Arabic-rq4-long_id_81_DIT_Responsibilities-a,Arabic,0.6127131
Llama-3.1-8B exact calibration,unimoral_consequence_generation,Arabic-rq4-long_id_82_DIT_Responsibilities-a,Arabic,0.58354193
Llama-3.1-8B exact calibration,unimoral_consequence_generation,Arabic-rq4-long_id_82_DIT_Responsibilities-b,Arabic,0.56738263
Llama-3.1-8B exact calibration,unimoral_consequence_generation,Arabic-rq4-long_id_83_DIT_Responsibilities-b,Arabic,0.67835742
Llama-3.1-8B exact calibration,unimoral_consequence_generation,Arabic-rq4-long_id_84_DIT_Responsibilities-a,Arabic,0.60378778
Llama-3.1-8B exact calibration,unimoral_consequence_generation,Arabic-rq4-long_id_85_DIT_Responsibilities-a,Arabic,0.62324029
Llama-3.1-8B exact calibration,unimoral_consequence_generation,Arabic-rq4-long_id_85_DIT_Responsibilities-b,Arabic,0.63366777
Llama-3.1-8B exact calibration,unimoral_consequence_generation,Arabic-rq4-long_id_86_DIT_Responsibilities-a,Arabic,0.67430687
Llama-3.1-8B exact calibration,unimoral_consequence_generation,Arabic-rq4-long_id_86_DIT_Responsibilities-b,Arabic,0.62362868
Llama-3.1-8B exact calibration,unimoral_consequence_generation,Arabic-rq4-long_id_87_DIT_Relationships-a,Arabic,0.69911438
Llama-3.1-8B exact calibration,unimoral_consequence_generation,Arabic-rq4-long_id_87_DIT_Relationships-b,Arabic,0.5696398
Llama-3.1-8B exact calibration,unimoral_consequence_generation,Arabic-rq4-long_id_88_DIT_Relationships-a,Arabic,0.65842968
Llama-3.1-8B exact calibration,unimoral_consequence_generation,Arabic-rq4-long_id_88_DIT_Relationships-b,Arabic,0.68241638
Llama-3.1-8B exact calibration,unimoral_consequence_generation,Arabic-rq4-long_id_89_DIT_Relationships-a,Arabic,0.64272922
Llama-3.1-8B exact calibration,unimoral_consequence_generation,Arabic-rq4-long_id_8_MJI_Moral-a,Arabic,0.65544492
Llama-3.1-8B exact calibration,unimoral_consequence_generation,Arabic-rq4-long_id_90_DIT_Relationships-a,Arabic,0.65910691
Llama-3.1-8B exact calibration,unimoral_consequence_generation,Arabic-rq4-long_id_91_DIT_Relationships-b,Arabic,0.6203056
Llama-3.1-8B exact calibration,unimoral_consequence_generation,Arabic-rq4-long_id_92_DIT_Relationships-a,Arabic,0.63404274
Llama-3.1-8B exact calibration,unimoral_consequence_generation,Arabic-rq4-long_id_92_DIT_Relationships-b,Arabic,0.69883704
Llama-3.1-8B exact calibration,unimoral_consequence_generation,Arabic-rq4-long_id_93_DIT_Legality-a,Arabic,0.57241279
Llama-3.1-8B exact calibration,unimoral_consequence_generation,Arabic-rq4-long_id_93_DIT_Legality-b,Arabic,0.61007756
Llama-3.1-8B exact calibration,unimoral_consequence_generation,Arabic-rq4-long_id_94_DIT_Legality-a,Arabic,0.58310264
Llama-3.1-8B exact calibration,unimoral_consequence_generation,Arabic-rq4-long_id_94_DIT_Legality-b,Arabic,0.5886817
Llama-3.1-8B exact calibration,unimoral_consequence_generation,Arabic-rq4-long_id_95_DIT_Legality-a,Arabic,0.72059536
Llama-3.1-8B exact calibration,unimoral_consequence_generation,Arabic-rq4-long_id_96_DIT_Legality-a,Arabic,0.64136982
Llama-3.1-8B exact calibration,unimoral_consequence_generation,Arabic-rq4-long_id_97_DIT_Legality-a,Arabic,0.59685278
Llama-3.1-8B exact calibration,unimoral_consequence_generation,Arabic-rq4-long_id_97_DIT_Legality-b,Arabic,0.62673777
Llama-3.1-8B exact calibration,unimoral_consequence_generation,Arabic-rq4-long_id_98_DIT_Legality-a,Arabic,0.63915378
Llama-3.1-8B exact calibration,unimoral_consequence_generation,Arabic-rq4-long_id_98_DIT_Legality-b,Arabic,0.67249233
Llama-3.1-8B exact calibration,unimoral_consequence_generation,Arabic-rq4-long_id_99_DIT_Rules-a,Arabic,0.59172577
Llama-3.1-8B exact calibration,unimoral_consequence_generation,Arabic-rq4-long_id_99_DIT_Rules-b,Arabic,0.60218781
Llama-3.1-8B exact calibration,unimoral_consequence_generation,Arabic-rq4-long_id_9_MJI_Moral-a,Arabic,0.61134267
Llama-3.1-8B exact calibration,unimoral_consequence_generation,Arabic-rq4-long_id_9_MJI_Moral-b,Arabic,0.60211736
Llama-3.1-8B exact calibration,unimoral_consequence_generation,Chinese-rq4-Reddit_id_1-a,Chinese,0.56639165
Llama-3.1-8B exact calibration,unimoral_consequence_generation,Chinese-rq4-Reddit_id_1-b,Chinese,0.47964415
Llama-3.1-8B exact calibration,unimoral_consequence_generation,Chinese-rq4-Reddit_id_10-b,Chinese,0.57016838
Llama-3.1-8B exact calibration,unimoral_consequence_generation,Chinese-rq4-Reddit_id_11-a,Chinese,0.58593696
Llama-3.1-8B exact calibration,unimoral_consequence_generation,Chinese-rq4-Reddit_id_12-a,Chinese,0.59779483
Llama-3.1-8B exact calibration,unimoral_consequence_generation,Chinese-rq4-Reddit_id_12-b,Chinese,0.58668756
Llama-3.1-8B exact calibration,unimoral_consequence_generation,Chinese-rq4-Reddit_id_13-a,Chinese,0.51216781
Llama-3.1-8B exact calibration,unimoral_consequence_generation,Chinese-rq4-Reddit_id_14-a,Chinese,0.56525069
Llama-3.1-8B exact calibration,unimoral_consequence_generation,Chinese-rq4-Reddit_id_14-b,Chinese,0.58070266
Llama-3.1-8B exact calibration,unimoral_consequence_generation,Chinese-rq4-Reddit_id_15-b,Chinese,0.60908604
Llama-3.1-8B exact calibration,unimoral_consequence_generation,Chinese-rq4-Reddit_id_16-a,Chinese,0.51674777
Llama-3.1-8B exact calibration,unimoral_consequence_generation,Chinese-rq4-Reddit_id_16-b,Chinese,0.57000703
Llama-3.1-8B exact calibration,unimoral_consequence_generation,Chinese-rq4-Reddit_id_17-a,Chinese,0.61926854
Llama-3.1-8B exact calibration,unimoral_consequence_generation,Chinese-rq4-Reddit_id_17-b,Chinese,0.5539493
Llama-3.1-8B exact calibration,unimoral_consequence_generation,Chinese-rq4-Reddit_id_18-a,Chinese,0.52639633
Llama-3.1-8B exact calibration,unimoral_consequence_generation,Chinese-rq4-Reddit_id_18-b,Chinese,0.54038399
Llama-3.1-8B exact calibration,unimoral_consequence_generation,Chinese-rq4-Reddit_id_19-b,Chinese,0.61071855
Llama-3.1-8B exact calibration,unimoral_consequence_generation,Chinese-rq4-Reddit_id_2-a,Chinese,0.60991919
Llama-3.1-8B exact calibration,unimoral_consequence_generation,Chinese-rq4-Reddit_id_2-b,Chinese,0.53600574
Llama-3.1-8B exact calibration,unimoral_consequence_generation,Chinese-rq4-Reddit_id_20-b,Chinese,0.55490679
Llama-3.1-8B exact calibration,unimoral_consequence_generation,Chinese-rq4-Reddit_id_21-a,Chinese,0.66707033
Llama-3.1-8B exact calibration,unimoral_consequence_generation,Chinese-rq4-Reddit_id_21-b,Chinese,0.66029632
Llama-3.1-8B exact calibration,unimoral_consequence_generation,Chinese-rq4-Reddit_id_22-b,Chinese,0.54864657
Llama-3.1-8B exact calibration,unimoral_consequence_generation,Chinese-rq4-Reddit_id_23-a,Chinese,0.60059243
Llama-3.1-8B exact calibration,unimoral_consequence_generation,Chinese-rq4-Reddit_id_23-b,Chinese,0.58254427
Llama-3.1-8B exact calibration,unimoral_consequence_generation,Chinese-rq4-Reddit_id_24-a,Chinese,0.55355155
Llama-3.1-8B exact calibration,unimoral_consequence_generation,Chinese-rq4-Reddit_id_24-b,Chinese,0.54530275
Llama-3.1-8B exact calibration,unimoral_consequence_generation,Chinese-rq4-Reddit_id_25-a,Chinese,0.60464698
Llama-3.1-8B exact calibration,unimoral_consequence_generation,Chinese-rq4-Reddit_id_26-a,Chinese,0.65431458
Llama-3.1-8B exact calibration,unimoral_consequence_generation,Chinese-rq4-Reddit_id_26-b,Chinese,0.48558751
Llama-3.1-8B exact calibration,unimoral_consequence_generation,Chinese-rq4-Reddit_id_27-a,Chinese,0.64556247
Llama-3.1-8B exact calibration,unimoral_consequence_generation,Chinese-rq4-Reddit_id_28-a,Chinese,0.59673119
Llama-3.1-8B exact calibration,unimoral_consequence_generation,Chinese-rq4-Reddit_id_29-a,Chinese,0.59611899
Llama-3.1-8B exact calibration,unimoral_consequence_generation,Chinese-rq4-Reddit_id_29-b,Chinese,0.59920698
Llama-3.1-8B exact calibration,unimoral_consequence_generation,Chinese-rq4-Reddit_id_3-a,Chinese,0.51987261
Llama-3.1-8B exact calibration,unimoral_consequence_generation,Chinese-rq4-Reddit_id_3-b,Chinese,0.59109491
Llama-3.1-8B exact calibration,unimoral_consequence_generation,Chinese-rq4-Reddit_id_30-a,Chinese,0.64697248
Llama-3.1-8B exact calibration,unimoral_consequence_generation,Chinese-rq4-Reddit_id_30-b,Chinese,0.63196087
Llama-3.1-8B exact calibration,unimoral_consequence_generation,Chinese-rq4-Reddit_id_31-a,Chinese,0.61033303
Llama-3.1-8B exact calibration,unimoral_consequence_generation,Chinese-rq4-Reddit_id_31-b,Chinese,0.50720602
Llama-3.1-8B exact calibration,unimoral_consequence_generation,Chinese-rq4-Reddit_id_32-a,Chinese,0.65521675
Llama-3.1-8B exact calibration,unimoral_consequence_generation,Chinese-rq4-Reddit_id_33-a,Chinese,0.5704484
Llama-3.1-8B exact calibration,unimoral_consequence_generation,Chinese-rq4-Reddit_id_34-a,Chinese,0.55117965
Llama-3.1-8B exact calibration,unimoral_consequence_generation,Chinese-rq4-Reddit_id_35-a,Chinese,0.53092611
Llama-3.1-8B exact calibration,unimoral_consequence_generation,Chinese-rq4-Reddit_id_35-b,Chinese,0.54780155
Llama-3.1-8B exact calibration,unimoral_consequence_generation,Chinese-rq4-Reddit_id_36-a,Chinese,0.60160142
Llama-3.1-8B exact calibration,unimoral_consequence_generation,Chinese-rq4-Reddit_id_36-b,Chinese,0.54859656
Llama-3.1-8B exact calibration,unimoral_consequence_generation,Chinese-rq4-Reddit_id_37-b,Chinese,0.66454446
Llama-3.1-8B exact calibration,unimoral_consequence_generation,Chinese-rq4-Reddit_id_38-a,Chinese,0.58908355
Llama-3.1-8B exact calibration,unimoral_consequence_generation,Chinese-rq4-Reddit_id_38-b,Chinese,0.56784284
Llama-3.1-8B exact calibration,unimoral_consequence_generation,Chinese-rq4-Reddit_id_39-a,Chinese,0.5590471
Llama-3.1-8B exact calibration,unimoral_consequence_generation,Chinese-rq4-Reddit_id_39-b,Chinese,0.54444331
Llama-3.1-8B exact calibration,unimoral_consequence_generation,Chinese-rq4-Reddit_id_4-a,Chinese,0.62387276
Llama-3.1-8B exact calibration,unimoral_consequence_generation,Chinese-rq4-Reddit_id_4-b,Chinese,0.52227819
Llama-3.1-8B exact calibration,unimoral_consequence_generation,Chinese-rq4-Reddit_id_40-b,Chinese,0.56170809
Llama-3.1-8B exact calibration,unimoral_consequence_generation,Chinese-rq4-Reddit_id_41-a,Chinese,0.58313179
Llama-3.1-8B exact calibration,unimoral_consequence_generation,Chinese-rq4-Reddit_id_41-b,Chinese,0.53470141
Llama-3.1-8B exact calibration,unimoral_consequence_generation,Chinese-rq4-Reddit_id_42-a,Chinese,0.64445615
Llama-3.1-8B exact calibration,unimoral_consequence_generation,Chinese-rq4-Reddit_id_42-b,Chinese,0.64179122
Llama-3.1-8B exact calibration,unimoral_consequence_generation,Chinese-rq4-Reddit_id_43-a,Chinese,0.55377364
Llama-3.1-8B exact calibration,unimoral_consequence_generation,Chinese-rq4-Reddit_id_44-a,Chinese,0.6691792
Llama-3.1-8B exact calibration,unimoral_consequence_generation,Chinese-rq4-Reddit_id_44-b,Chinese,0.58541709
Llama-3.1-8B exact calibration,unimoral_consequence_generation,Chinese-rq4-Reddit_id_45-b,Chinese,0.55807555
Llama-3.1-8B exact calibration,unimoral_consequence_generation,Chinese-rq4-Reddit_id_46-a,Chinese,0.56489873
Llama-3.1-8B exact calibration,unimoral_consequence_generation,Chinese-rq4-Reddit_id_47-a,Chinese,0.63307929
Llama-3.1-8B exact calibration,unimoral_consequence_generation,Chinese-rq4-Reddit_id_48-b,Chinese,0.65604258
Llama-3.1-8B exact calibration,unimoral_consequence_generation,Chinese-rq4-Reddit_id_49-a,Chinese,0.54582441
Llama-3.1-8B exact calibration,unimoral_consequence_generation,Chinese-rq4-Reddit_id_49-b,Chinese,0.61856651
Llama-3.1-8B exact calibration,unimoral_consequence_generation,Chinese-rq4-Reddit_id_5-b,Chinese,0.55263692
Llama-3.1-8B exact calibration,unimoral_consequence_generation,Chinese-rq4-Reddit_id_50-a,Chinese,0.59587818
Llama-3.1-8B exact calibration,unimoral_consequence_generation,Chinese-rq4-Reddit_id_6-b,Chinese,0.52747673
Llama-3.1-8B exact calibration,unimoral_consequence_generation,Chinese-rq4-Reddit_id_7-b,Chinese,0.57428998
Llama-3.1-8B exact calibration,unimoral_consequence_generation,Chinese-rq4-Reddit_id_8-b,Chinese,0.59508193
Llama-3.1-8B exact calibration,unimoral_consequence_generation,Chinese-rq4-Reddit_id_9-a,Chinese,0.58217728
Llama-3.1-8B exact calibration,unimoral_consequence_generation,Chinese-rq4-Reddit_id_9-b,Chinese,0.55171221
Llama-3.1-8B exact calibration,unimoral_consequence_generation,Chinese-rq4-long_id_0_MJI_Emotions-a,Chinese,0.64386636
Llama-3.1-8B exact calibration,unimoral_consequence_generation,Chinese-rq4-long_id_0_MJI_Emotions-b,Chinese,0.5768199
Llama-3.1-8B exact calibration,unimoral_consequence_generation,Chinese-rq4-long_id_100_DIT_Rules-a,Chinese,0.59822172
Llama-3.1-8B exact calibration,unimoral_consequence_generation,Chinese-rq4-long_id_100_DIT_Rules-b,Chinese,0.62649208
Llama-3.1-8B exact calibration,unimoral_consequence_generation,Chinese-rq4-long_id_101_DIT_Rules-a,Chinese,0.56365389
Llama-3.1-8B exact calibration,unimoral_consequence_generation,Chinese-rq4-long_id_101_DIT_Rules-b,Chinese,0.56921887
Llama-3.1-8B exact calibration,unimoral_consequence_generation,Chinese-rq4-long_id_102_DIT_Rules-a,Chinese,0.57802647
Llama-3.1-8B exact calibration,unimoral_consequence_generation,Chinese-rq4-long_id_103_DIT_Rules-a,Chinese,0.55181652
Llama-3.1-8B exact calibration,unimoral_consequence_generation,Chinese-rq4-long_id_103_DIT_Rules-b,Chinese,0.66815192
Llama-3.1-8B exact calibration,unimoral_consequence_generation,Chinese-rq4-long_id_104_DIT_Rules-a,Chinese,0.53605461
Llama-3.1-8B exact calibration,unimoral_consequence_generation,Chinese-rq4-long_id_105_DIT_Politeness-a,Chinese,0.70198381
Llama-3.1-8B exact calibration,unimoral_consequence_generation,Chinese-rq4-long_id_105_DIT_Politeness-b,Chinese,0.52787614
Llama-3.1-8B exact calibration,unimoral_consequence_generation,Chinese-rq4-long_id_106_DIT_Politeness-a,Chinese,0.63399839
Llama-3.1-8B exact calibration,unimoral_consequence_generation,Chinese-rq4-long_id_106_DIT_Politeness-b,Chinese,0.55428624
Llama-3.1-8B exact calibration,unimoral_consequence_generation,Chinese-rq4-long_id_107_DIT_Politeness-a,Chinese,0.65021443
Llama-3.1-8B exact calibration,unimoral_consequence_generation,Chinese-rq4-long_id_107_DIT_Politeness-b,Chinese,0.56788975
Llama-3.1-8B exact calibration,unimoral_consequence_generation,Chinese-rq4-long_id_108_DIT_Politeness-a,Chinese,0.56975484
Llama-3.1-8B exact calibration,unimoral_consequence_generation,Chinese-rq4-long_id_108_DIT_Politeness-b,Chinese,0.61826509
Llama-3.1-8B exact calibration,unimoral_consequence_generation,Chinese-rq4-long_id_109_DIT_Politeness-b,Chinese,0.63620824
Llama-3.1-8B exact calibration,unimoral_consequence_generation,Chinese-rq4-long_id_10_MJI_Moral-a,Chinese,0.60877115
Llama-3.1-8B exact calibration,unimoral_consequence_generation,Chinese-rq4-long_id_10_MJI_Moral-b,Chinese,0.58376747
Llama-3.1-8B exact calibration,unimoral_consequence_generation,Chinese-rq4-long_id_110_DIT_Politeness-a,Chinese,0.69909763
Llama-3.1-8B exact calibration,unimoral_consequence_generation,Chinese-rq4-long_id_111_DIT_Sacred Values-a,Chinese,0.50324661
Llama-3.1-8B exact calibration,unimoral_consequence_generation,Chinese-rq4-long_id_111_DIT_Sacred Values-b,Chinese,0.62871015
Llama-3.1-8B exact calibration,unimoral_consequence_generation,Chinese-rq4-long_id_112_DIT_Sacred Values-a,Chinese,0.6613667
Llama-3.1-8B exact calibration,unimoral_consequence_generation,Chinese-rq4-long_id_112_DIT_Sacred Values-b,Chinese,0.56295455
Llama-3.1-8B exact calibration,unimoral_consequence_generation,Chinese-rq4-long_id_113_DIT_Sacred Values-b,Chinese,0.56783015
Llama-3.1-8B exact calibration,unimoral_consequence_generation,Chinese-rq4-long_id_114_DIT_Sacred Values-a,Chinese,0.6338461
Llama-3.1-8B exact calibration,unimoral_consequence_generation,Chinese-rq4-long_id_115_DIT_Sacred Values-a,Chinese,0.57037795
Llama-3.1-8B exact calibration,unimoral_consequence_generation,Chinese-rq4-long_id_115_DIT_Sacred Values-b,Chinese,0.53281647
Llama-3.1-8B exact calibration,unimoral_consequence_generation,Chinese-rq4-long_id_116_DIT_Sacred Values-a,Chinese,0.65653175
Llama-3.1-8B exact calibration,unimoral_consequence_generation,Chinese-rq4-long_id_117_MCT_Emotions-a,Chinese,0.64974374
Llama-3.1-8B exact calibration,unimoral_consequence_generation,Chinese-rq4-long_id_118_MCT_Emotions-a,Chinese,0.57786244
Llama-3.1-8B exact calibration,unimoral_consequence_generation,Chinese-rq4-long_id_118_MCT_Emotions-b,Chinese,0.64422423
Llama-3.1-8B exact calibration,unimoral_consequence_generation,Chinese-rq4-long_id_119_MCT_Emotions-b,Chinese,0.62987155
Llama-3.1-8B exact calibration,unimoral_consequence_generation,Chinese-rq4-long_id_11_MJI_Moral-a,Chinese,0.62869227
Llama-3.1-8B exact calibration,unimoral_consequence_generation,Chinese-rq4-long_id_120_MCT_Moral-a,Chinese,0.6525805
Llama-3.1-8B exact calibration,unimoral_consequence_generation,Chinese-rq4-long_id_121_MCT_Moral-a,Chinese,0.63664502
Llama-3.1-8B exact calibration,unimoral_consequence_generation,Chinese-rq4-long_id_121_MCT_Moral-b,Chinese,0.57469529
Llama-3.1-8B exact calibration,unimoral_consequence_generation,Chinese-rq4-long_id_122_MCT_Moral-a,Chinese,0.60258627
Llama-3.1-8B exact calibration,unimoral_consequence_generation,Chinese-rq4-long_id_122_MCT_Moral-b,Chinese,0.56297821
Llama-3.1-8B exact calibration,unimoral_consequence_generation,Chinese-rq4-long_id_123_MCT_Culture-a,Chinese,0.62509018
Llama-3.1-8B exact calibration,unimoral_consequence_generation,Chinese-rq4-long_id_123_MCT_Culture-b,Chinese,0.76477426
Llama-3.1-8B exact calibration,unimoral_consequence_generation,Chinese-rq4-long_id_124_MCT_Culture-a,Chinese,0.5505296
Llama-3.1-8B exact calibration,unimoral_consequence_generation,Chinese-rq4-long_id_124_MCT_Culture-b,Chinese,0.69719964
Llama-3.1-8B exact calibration,unimoral_consequence_generation,Chinese-rq4-long_id_125_MCT_Culture-a,Chinese,0.6844359
Llama-3.1-8B exact calibration,unimoral_consequence_generation,Chinese-rq4-long_id_125_MCT_Culture-b,Chinese,0.57957655
Llama-3.1-8B exact calibration,unimoral_consequence_generation,Chinese-rq4-long_id_126_MCT_Responsibilities-a,Chinese,0.60957134
Llama-3.1-8B exact calibration,unimoral_consequence_generation,Chinese-rq4-long_id_126_MCT_Responsibilities-b,Chinese,0.55211008
Llama-3.1-8B exact calibration,unimoral_consequence_generation,Chinese-rq4-long_id_127_MCT_Responsibilities-b,Chinese,0.59959817
Llama-3.1-8B exact calibration,unimoral_consequence_generation,Chinese-rq4-long_id_128_MCT_Responsibilities-a,Chinese,0.79104257
Llama-3.1-8B exact calibration,unimoral_consequence_generation,Chinese-rq4-long_id_129_MCT_Relationships-a,Chinese,0.44745862
Llama-3.1-8B exact calibration,unimoral_consequence_generation,Chinese-rq4-long_id_129_MCT_Relationships-b,Chinese,0.57269681
Llama-3.1-8B exact calibration,unimoral_consequence_generation,Chinese-rq4-long_id_12_MJI_Moral-a,Chinese,0.57770807
Llama-3.1-8B exact calibration,unimoral_consequence_generation,Chinese-rq4-long_id_12_MJI_Moral-b,Chinese,0.65680289
Llama-3.1-8B exact calibration,unimoral_consequence_generation,Chinese-rq4-long_id_130_MCT_Relationships-a,Chinese,0.61713302
Llama-3.1-8B exact calibration,unimoral_consequence_generation,Chinese-rq4-long_id_130_MCT_Relationships-b,Chinese,0.50611234
Llama-3.1-8B exact calibration,unimoral_consequence_generation,Chinese-rq4-long_id_131_MCT_Relationships-a,Chinese,0.58766562
Llama-3.1-8B exact calibration,unimoral_consequence_generation,Chinese-rq4-long_id_131_MCT_Relationships-b,Chinese,0.64737707
Llama-3.1-8B exact calibration,unimoral_consequence_generation,Chinese-rq4-long_id_132_MCT_Legality-a,Chinese,0.61260939
Llama-3.1-8B exact calibration,unimoral_consequence_generation,Chinese-rq4-long_id_133_MCT_Legality-b,Chinese,0.58627021
Llama-3.1-8B exact calibration,unimoral_consequence_generation,Chinese-rq4-long_id_134_MCT_Legality-a,Chinese,0.62671703
Llama-3.1-8B exact calibration,unimoral_consequence_generation,Chinese-rq4-long_id_134_MCT_Legality-b,Chinese,0.65407687
Llama-3.1-8B exact calibration,unimoral_consequence_generation,Chinese-rq4-long_id_135_MCT_Rules-a,Chinese,0.57101953
Llama-3.1-8B exact calibration,unimoral_consequence_generation,Chinese-rq4-long_id_135_MCT_Rules-b,Chinese,0.56741792
Llama-3.1-8B exact calibration,unimoral_consequence_generation,Chinese-rq4-long_id_136_MCT_Rules-a,Chinese,0.67789823
Llama-3.1-8B exact calibration,unimoral_consequence_generation,Chinese-rq4-long_id_136_MCT_Rules-b,Chinese,0.54881179
Llama-3.1-8B exact calibration,unimoral_consequence_generation,Chinese-rq4-long_id_137_MCT_Rules-a,Chinese,0.53699464
Llama-3.1-8B exact calibration,unimoral_consequence_generation,Chinese-rq4-long_id_138_MCT_Politeness-a,Chinese,0.64022785
Llama-3.1-8B exact calibration,unimoral_consequence_generation,Chinese-rq4-long_id_138_MCT_Politeness-b,Chinese,0.56267667
Llama-3.1-8B exact calibration,unimoral_consequence_generation,Chinese-rq4-long_id_139_MCT_Politeness-a,Chinese,0.59298992
Llama-3.1-8B exact calibration,unimoral_consequence_generation,Chinese-rq4-long_id_13_MJI_Moral-a,Chinese,0.6325444
Llama-3.1-8B exact calibration,unimoral_consequence_generation,Chinese-rq4-long_id_140_MCT_Politeness-a,Chinese,0.59546435
Llama-3.1-8B exact calibration,unimoral_consequence_generation,Chinese-rq4-long_id_141_MCT_Sacred Values-a,Chinese,0.57565022
Llama-3.1-8B exact calibration,unimoral_consequence_generation,Chinese-rq4-long_id_141_MCT_Sacred Values-b,Chinese,0.57259792
Llama-3.1-8B exact calibration,unimoral_consequence_generation,Chinese-rq4-long_id_142_MCT_Sacred Values-b,Chinese,0.65387553
Llama-3.1-8B exact calibration,unimoral_consequence_generation,Chinese-rq4-long_id_143_MCT_Sacred Values-a,Chinese,0.52555978
Llama-3.1-8B exact calibration,unimoral_consequence_generation,Chinese-rq4-long_id_143_MCT_Sacred Values-b,Chinese,0.59174436
Llama-3.1-8B exact calibration,unimoral_consequence_generation,Chinese-rq4-long_id_14_MJI_Culture-a,Chinese,0.62011397
Llama-3.1-8B exact calibration,unimoral_consequence_generation,Chinese-rq4-long_id_14_MJI_Culture-b,Chinese,0.59468848
Llama-3.1-8B exact calibration,unimoral_consequence_generation,Chinese-rq4-long_id_15_MJI_Culture-a,Chinese,0.56035513
Llama-3.1-8B exact calibration,unimoral_consequence_generation,Chinese-rq4-long_id_16_MJI_Culture-a,Chinese,0.54890978
Llama-3.1-8B exact calibration,unimoral_consequence_generation,Chinese-rq4-long_id_16_MJI_Culture-b,Chinese,0.57904369
Llama-3.1-8B exact calibration,unimoral_consequence_generation,Chinese-rq4-long_id_17_MJI_Culture-a,Chinese,0.58431721
Llama-3.1-8B exact calibration,unimoral_consequence_generation,Chinese-rq4-long_id_18_MJI_Culture-a,Chinese,0.60086149
Llama-3.1-8B exact calibration,unimoral_consequence_generation,Chinese-rq4-long_id_18_MJI_Culture-b,Chinese,0.57697159
Llama-3.1-8B exact calibration,unimoral_consequence_generation,Chinese-rq4-long_id_19_MJI_Culture-b,Chinese,0.56052649
Llama-3.1-8B exact calibration,unimoral_consequence_generation,Chinese-rq4-long_id_1_MJI_Emotions-a,Chinese,0.573596
Llama-3.1-8B exact calibration,unimoral_consequence_generation,Chinese-rq4-long_id_1_MJI_Emotions-b,Chinese,0.56592882
Llama-3.1-8B exact calibration,unimoral_consequence_generation,Chinese-rq4-long_id_20_MJI_Culture-b,Chinese,0.59114414
Llama-3.1-8B exact calibration,unimoral_consequence_generation,Chinese-rq4-long_id_21_MJI_Responsibilities-b,Chinese,0.61046231
Llama-3.1-8B exact calibration,unimoral_consequence_generation,Chinese-rq4-long_id_22_MJI_Responsibilities-a,Chinese,0.6151461
Llama-3.1-8B exact calibration,unimoral_consequence_generation,Chinese-rq4-long_id_23_MJI_Responsibilities-b,Chinese,0.70188898
Llama-3.1-8B exact calibration,unimoral_consequence_generation,Chinese-rq4-long_id_24_MJI_Responsibilities-a,Chinese,0.56307626
Llama-3.1-8B exact calibration,unimoral_consequence_generation,Chinese-rq4-long_id_24_MJI_Responsibilities-b,Chinese,0.55020642
Llama-3.1-8B exact calibration,unimoral_consequence_generation,Chinese-rq4-long_id_25_MJI_Responsibilities-a,Chinese,0.66644561
Llama-3.1-8B exact calibration,unimoral_consequence_generation,Chinese-rq4-long_id_25_MJI_Responsibilities-b,Chinese,0.48590726
Llama-3.1-8B exact calibration,unimoral_consequence_generation,Chinese-rq4-long_id_26_MJI_Responsibilities-a,Chinese,0.61726516
Llama-3.1-8B exact calibration,unimoral_consequence_generation,Chinese-rq4-long_id_27_MJI_Responsibilities-a,Chinese,0.57095128
Llama-3.1-8B exact calibration,unimoral_consequence_generation,Chinese-rq4-long_id_27_MJI_Responsibilities-b,Chinese,0.68140584
Llama-3.1-8B exact calibration,unimoral_consequence_generation,Chinese-rq4-long_id_28_MJI_Relationships-a,Chinese,0.57199711
Llama-3.1-8B exact calibration,unimoral_consequence_generation,Chinese-rq4-long_id_28_MJI_Relationships-b,Chinese,0.56955296
Llama-3.1-8B exact calibration,unimoral_consequence_generation,Chinese-rq4-long_id_29_MJI_Relationships-a,Chinese,0.63942218
Llama-3.1-8B exact calibration,unimoral_consequence_generation,Chinese-rq4-long_id_29_MJI_Relationships-b,Chinese,0.63115388
Llama-3.1-8B exact calibration,unimoral_consequence_generation,Chinese-rq4-long_id_2_MJI_Emotions-a,Chinese,0.65542263
Llama-3.1-8B exact calibration,unimoral_consequence_generation,Chinese-rq4-long_id_30_MJI_Relationships-b,Chinese,0.57446855
Llama-3.1-8B exact calibration,unimoral_consequence_generation,Chinese-rq4-long_id_31_MJI_Relationships-a,Chinese,0.63906926
Llama-3.1-8B exact calibration,unimoral_consequence_generation,Chinese-rq4-long_id_32_MJI_Relationships-a,Chinese,0.59290057
Llama-3.1-8B exact calibration,unimoral_consequence_generation,Chinese-rq4-long_id_33_MJI_Relationships-a,Chinese,0.57592332
Llama-3.1-8B exact calibration,unimoral_consequence_generation,Chinese-rq4-long_id_33_MJI_Relationships-b,Chinese,0.67063385
Llama-3.1-8B exact calibration,unimoral_consequence_generation,Chinese-rq4-long_id_34_MJI_Relationships-b,Chinese,0.60633582
Llama-3.1-8B exact calibration,unimoral_consequence_generation,Chinese-rq4-long_id_35_MJI_Legality-a,Chinese,0.53152937
Llama-3.1-8B exact calibration,unimoral_consequence_generation,Chinese-rq4-long_id_35_MJI_Legality-b,Chinese,0.4937574
Llama-3.1-8B exact calibration,unimoral_consequence_generation,Chinese-rq4-long_id_36_MJI_Legality-a,Chinese,0.67206383
Llama-3.1-8B exact calibration,unimoral_consequence_generation,Chinese-rq4-long_id_36_MJI_Legality-b,Chinese,0.5425939
Llama-3.1-8B exact calibration,unimoral_consequence_generation,Chinese-rq4-long_id_37_MJI_Legality-a,Chinese,0.6956951
Llama-3.1-8B exact calibration,unimoral_consequence_generation,Chinese-rq4-long_id_37_MJI_Legality-b,Chinese,0.64146477
Llama-3.1-8B exact calibration,unimoral_consequence_generation,Chinese-rq4-long_id_38_MJI_Legality-a,Chinese,0.66108745
Llama-3.1-8B exact calibration,unimoral_consequence_generation,Chinese-rq4-long_id_39_MJI_Legality-a,Chinese,0.62656504
Llama-3.1-8B exact calibration,unimoral_consequence_generation,Chinese-rq4-long_id_39_MJI_Legality-b,Chinese,0.51608753
Llama-3.1-8B exact calibration,unimoral_consequence_generation,Chinese-rq4-long_id_3_MJI_Emotions-a,Chinese,0.55048198
Llama-3.1-8B exact calibration,unimoral_consequence_generation,Chinese-rq4-long_id_3_MJI_Emotions-b,Chinese,0.60578662
Llama-3.1-8B exact calibration,unimoral_consequence_generation,Chinese-rq4-long_id_40_MJI_Legality-a,Chinese,0.56906313
Llama-3.1-8B exact calibration,unimoral_consequence_generation,Chinese-rq4-long_id_40_MJI_Legality-b,Chinese,0.54892433
Llama-3.1-8B exact calibration,unimoral_consequence_generation,Chinese-rq4-long_id_41_MJI_Legality-a,Chinese,0.62213361
Llama-3.1-8B exact calibration,unimoral_consequence_generation,Chinese-rq4-long_id_42_MJI_Rules-a,Chinese,0.67879331
Llama-3.1-8B exact calibration,unimoral_consequence_generation,Chinese-rq4-long_id_42_MJI_Rules-b,Chinese,0.54221082
Llama-3.1-8B exact calibration,unimoral_consequence_generation,Chinese-rq4-long_id_43_MJI_Rules-a,Chinese,0.59976429
Llama-3.1-8B exact calibration,unimoral_consequence_generation,Chinese-rq4-long_id_43_MJI_Rules-b,Chinese,0.59452933
Llama-3.1-8B exact calibration,unimoral_consequence_generation,Chinese-rq4-long_id_44_MJI_Rules-a,Chinese,0.64076895
Llama-3.1-8B exact calibration,unimoral_consequence_generation,Chinese-rq4-long_id_44_MJI_Rules-b,Chinese,0.57477999
Llama-3.1-8B exact calibration,unimoral_consequence_generation,Chinese-rq4-long_id_45_MJI_Rules-a,Chinese,0.58092088
Llama-3.1-8B exact calibration,unimoral_consequence_generation,Chinese-rq4-long_id_45_MJI_Rules-b,Chinese,0.57884306
Llama-3.1-8B exact calibration,unimoral_consequence_generation,Chinese-rq4-long_id_46_MJI_Rules-a,Chinese,0.64573449
Llama-3.1-8B exact calibration,unimoral_consequence_generation,Chinese-rq4-long_id_46_MJI_Rules-b,Chinese,0.55149156
Llama-3.1-8B exact calibration,unimoral_consequence_generation,Chinese-rq4-long_id_47_MJI_Rules-a,Chinese,0.72162205
Llama-3.1-8B exact calibration,unimoral_consequence_generation,Chinese-rq4-long_id_47_MJI_Rules-b,Chinese,0.53478539
Llama-3.1-8B exact calibration,unimoral_consequence_generation,Chinese-rq4-long_id_48_MJI_Rules-a,Chinese,0.76982075
Llama-3.1-8B exact calibration,unimoral_consequence_generation,Chinese-rq4-long_id_49_MJI_Politeness-a,Chinese,0.60492641
Llama-3.1-8B exact calibration,unimoral_consequence_generation,Chinese-rq4-long_id_49_MJI_Politeness-b,Chinese,0.58684003
Llama-3.1-8B exact calibration,unimoral_consequence_generation,Chinese-rq4-long_id_4_MJI_Emotions-a,Chinese,0.61891764
Llama-3.1-8B exact calibration,unimoral_consequence_generation,Chinese-rq4-long_id_50_MJI_Politeness-a,Chinese,0.61448228
Llama-3.1-8B exact calibration,unimoral_consequence_generation,Chinese-rq4-long_id_51_MJI_Politeness-b,Chinese,0.76226902
Llama-3.1-8B exact calibration,unimoral_consequence_generation,Chinese-rq4-long_id_52_MJI_Politeness-a,Chinese,0.6149829
Llama-3.1-8B exact calibration,unimoral_consequence_generation,Chinese-rq4-long_id_52_MJI_Politeness-b,Chinese,0.6179933
Llama-3.1-8B exact calibration,unimoral_consequence_generation,Chinese-rq4-long_id_53_MJI_Politeness-a,Chinese,0.64277029
Llama-3.1-8B exact calibration,unimoral_consequence_generation,Chinese-rq4-long_id_54_MJI_Politeness-a,Chinese,0.54555804
Llama-3.1-8B exact calibration,unimoral_consequence_generation,Chinese-rq4-long_id_54_MJI_Politeness-b,Chinese,0.56629312
Llama-3.1-8B exact calibration,unimoral_consequence_generation,Chinese-rq4-long_id_55_MJI_Politeness-a,Chinese,0.56350863
Llama-3.1-8B exact calibration,unimoral_consequence_generation,Chinese-rq4-long_id_55_MJI_Politeness-b,Chinese,0.51073509
Llama-3.1-8B exact calibration,unimoral_consequence_generation,Chinese-rq4-long_id_56_MJI_Sacred Values-a,Chinese,0.59369344
Llama-3.1-8B exact calibration,unimoral_consequence_generation,Chinese-rq4-long_id_57_MJI_Sacred Values-a,Chinese,0.70922518
Llama-3.1-8B exact calibration,unimoral_consequence_generation,Chinese-rq4-long_id_58_MJI_Sacred Values-a,Chinese,0.58143663
Llama-3.1-8B exact calibration,unimoral_consequence_generation,Chinese-rq4-long_id_59_MJI_Sacred Values-a,Chinese,0.62612689
Llama-3.1-8B exact calibration,unimoral_consequence_generation,Chinese-rq4-long_id_5_MJI_Emotions-a,Chinese,0.60700423
Llama-3.1-8B exact calibration,unimoral_consequence_generation,Chinese-rq4-long_id_5_MJI_Emotions-b,Chinese,0.55994058
Llama-3.1-8B exact calibration,unimoral_consequence_generation,Chinese-rq4-long_id_60_MJI_Sacred Values-a,Chinese,0.54908442
Llama-3.1-8B exact calibration,unimoral_consequence_generation,Chinese-rq4-long_id_60_MJI_Sacred Values-b,Chinese,0.59251893
Llama-3.1-8B exact calibration,unimoral_consequence_generation,Chinese-rq4-long_id_61_MJI_Sacred Values-a,Chinese,0.60997468
Llama-3.1-8B exact calibration,unimoral_consequence_generation,Chinese-rq4-long_id_62_MJI_Sacred Values-a,Chinese,0.5251984
Llama-3.1-8B exact calibration,unimoral_consequence_generation,Chinese-rq4-long_id_62_MJI_Sacred Values-b,Chinese,0.59888232
Llama-3.1-8B exact calibration,unimoral_consequence_generation,Chinese-rq4-long_id_63_DIT_Emotions-a,Chinese,0.6159007
Llama-3.1-8B exact calibration,unimoral_consequence_generation,Chinese-rq4-long_id_63_DIT_Emotions-b,Chinese,0.58985263
Llama-3.1-8B exact calibration,unimoral_consequence_generation,Chinese-rq4-long_id_64_DIT_Emotions-a,Chinese,0.62029731
Llama-3.1-8B exact calibration,unimoral_consequence_generation,Chinese-rq4-long_id_64_DIT_Emotions-b,Chinese,0.62653166
Llama-3.1-8B exact calibration,unimoral_consequence_generation,Chinese-rq4-long_id_65_DIT_Emotions-a,Chinese,0.62656367
Llama-3.1-8B exact calibration,unimoral_consequence_generation,Chinese-rq4-long_id_65_DIT_Emotions-b,Chinese,0.61947584
Llama-3.1-8B exact calibration,unimoral_consequence_generation,Chinese-rq4-long_id_66_DIT_Emotions-a,Chinese,0.61131108
Llama-3.1-8B exact calibration,unimoral_consequence_generation,Chinese-rq4-long_id_66_DIT_Emotions-b,Chinese,0.57971728
Llama-3.1-8B exact calibration,unimoral_consequence_generation,Chinese-rq4-long_id_67_DIT_Emotions-b,Chinese,0.68779051
Llama-3.1-8B exact calibration,unimoral_consequence_generation,Chinese-rq4-long_id_68_DIT_Emotions-b,Chinese,0.61768049
Llama-3.1-8B exact calibration,unimoral_consequence_generation,Chinese-rq4-long_id_69_DIT_Moral-a,Chinese,0.56580043
Llama-3.1-8B exact calibration,unimoral_consequence_generation,Chinese-rq4-long_id_69_DIT_Moral-b,Chinese,0.551247
Llama-3.1-8B exact calibration,unimoral_consequence_generation,Chinese-rq4-long_id_6_MJI_Emotions-a,Chinese,0.63698137
Llama-3.1-8B exact calibration,unimoral_consequence_generation,Chinese-rq4-long_id_70_DIT_Moral-b,Chinese,0.62600017
Llama-3.1-8B exact calibration,unimoral_consequence_generation,Chinese-rq4-long_id_71_DIT_Moral-a,Chinese,0.56328601
Llama-3.1-8B exact calibration,unimoral_consequence_generation,Chinese-rq4-long_id_71_DIT_Moral-b,Chinese,0.61309642
Llama-3.1-8B exact calibration,unimoral_consequence_generation,Chinese-rq4-long_id_72_DIT_Moral-b,Chinese,0.60229754
Llama-3.1-8B exact calibration,unimoral_consequence_generation,Chinese-rq4-long_id_73_DIT_Moral-a,Chinese,0.55708581
Llama-3.1-8B exact calibration,unimoral_consequence_generation,Chinese-rq4-long_id_73_DIT_Moral-b,Chinese,0.58062083
Llama-3.1-8B exact calibration,unimoral_consequence_generation,Chinese-rq4-long_id_74_DIT_Moral-a,Chinese,0.63468689
Llama-3.1-8B exact calibration,unimoral_consequence_generation,Chinese-rq4-long_id_75_DIT_Culture-a,Chinese,0.6557622
Llama-3.1-8B exact calibration,unimoral_consequence_generation,Chinese-rq4-long_id_76_DIT_Culture-a,Chinese,0.66774189
Llama-3.1-8B exact calibration,unimoral_consequence_generation,Chinese-rq4-long_id_77_DIT_Culture-b,Chinese,0.54698098
Llama-3.1-8B exact calibration,unimoral_consequence_generation,Chinese-rq4-long_id_78_DIT_Culture-a,Chinese,0.59617752
Llama-3.1-8B exact calibration,unimoral_consequence_generation,Chinese-rq4-long_id_79_DIT_Culture-a,Chinese,0.52332401
Llama-3.1-8B exact calibration,unimoral_consequence_generation,Chinese-rq4-long_id_79_DIT_Culture-b,Chinese,0.53315365
Llama-3.1-8B exact calibration,unimoral_consequence_generation,Chinese-rq4-long_id_7_MJI_Moral-a,Chinese,0.57747459
Llama-3.1-8B exact calibration,unimoral_consequence_generation,Chinese-rq4-long_id_7_MJI_Moral-b,Chinese,0.55303168
Llama-3.1-8B exact calibration,unimoral_consequence_generation,Chinese-rq4-long_id_80_DIT_Culture-a,Chinese,0.57524669
Llama-3.1-8B exact calibration,unimoral_consequence_generation,Chinese-rq4-long_id_80_DIT_Culture-b,Chinese,0.58317071
Llama-3.1-8B exact calibration,unimoral_consequence_generation,Chinese-rq4-long_id_81_DIT_Responsibilities-a,Chinese,0.69551551
Llama-3.1-8B exact calibration,unimoral_consequence_generation,Chinese-rq4-long_id_82_DIT_Responsibilities-b,Chinese,0.78894442
Llama-3.1-8B exact calibration,unimoral_consequence_generation,Chinese-rq4-long_id_83_DIT_Responsibilities-b,Chinese,0.61726677
Llama-3.1-8B exact calibration,unimoral_consequence_generation,Chinese-rq4-long_id_84_DIT_Responsibilities-a,Chinese,0.57993007
Llama-3.1-8B exact calibration,unimoral_consequence_generation,Chinese-rq4-long_id_84_DIT_Responsibilities-b,Chinese,0.52848822
Llama-3.1-8B exact calibration,unimoral_consequence_generation,Chinese-rq4-long_id_85_DIT_Responsibilities-a,Chinese,0.69724321
Llama-3.1-8B exact calibration,unimoral_consequence_generation,Chinese-rq4-long_id_86_DIT_Responsibilities-a,Chinese,0.58883303
Llama-3.1-8B exact calibration,unimoral_consequence_generation,Chinese-rq4-long_id_86_DIT_Responsibilities-b,Chinese,0.56572777
Llama-3.1-8B exact calibration,unimoral_consequence_generation,Chinese-rq4-long_id_87_DIT_Relationships-a,Chinese,0.71823293
Llama-3.1-8B exact calibration,unimoral_consequence_generation,Chinese-rq4-long_id_88_DIT_Relationships-a,Chinese,0.58926427
Llama-3.1-8B exact calibration,unimoral_consequence_generation,Chinese-rq4-long_id_88_DIT_Relationships-b,Chinese,0.62368989
Llama-3.1-8B exact calibration,unimoral_consequence_generation,Chinese-rq4-long_id_89_DIT_Relationships-a,Chinese,0.52576584
Llama-3.1-8B exact calibration,unimoral_consequence_generation,Chinese-rq4-long_id_89_DIT_Relationships-b,Chinese,0.53818512
Llama-3.1-8B exact calibration,unimoral_consequence_generation,Chinese-rq4-long_id_8_MJI_Moral-a,Chinese,0.55201447
Llama-3.1-8B exact calibration,unimoral_consequence_generation,Chinese-rq4-long_id_8_MJI_Moral-b,Chinese,0.67883635
Llama-3.1-8B exact calibration,unimoral_consequence_generation,Chinese-rq4-long_id_90_DIT_Relationships-a,Chinese,0.52322656
Llama-3.1-8B exact calibration,unimoral_consequence_generation,Chinese-rq4-long_id_90_DIT_Relationships-b,Chinese,0.62888002
Llama-3.1-8B exact calibration,unimoral_consequence_generation,Chinese-rq4-long_id_91_DIT_Relationships-a,Chinese,0.55953234
Llama-3.1-8B exact calibration,unimoral_consequence_generation,Chinese-rq4-long_id_91_DIT_Relationships-b,Chinese,0.58208632
Llama-3.1-8B exact calibration,unimoral_consequence_generation,Chinese-rq4-long_id_92_DIT_Relationships-b,Chinese,0.61283672
Llama-3.1-8B exact calibration,unimoral_consequence_generation,Chinese-rq4-long_id_93_DIT_Legality-a,Chinese,0.67620641
Llama-3.1-8B exact calibration,unimoral_consequence_generation,Chinese-rq4-long_id_93_DIT_Legality-b,Chinese,0.60270756
Llama-3.1-8B exact calibration,unimoral_consequence_generation,Chinese-rq4-long_id_94_DIT_Legality-a,Chinese,0.62944734
Llama-3.1-8B exact calibration,unimoral_consequence_generation,Chinese-rq4-long_id_95_DIT_Legality-a,Chinese,0.67380476
Llama-3.1-8B exact calibration,unimoral_consequence_generation,Chinese-rq4-long_id_96_DIT_Legality-b,Chinese,0.65360725
Llama-3.1-8B exact calibration,unimoral_consequence_generation,Chinese-rq4-long_id_97_DIT_Legality-b,Chinese,0.65543944
Llama-3.1-8B exact calibration,unimoral_consequence_generation,Chinese-rq4-long_id_98_DIT_Legality-a,Chinese,0.62305498
Llama-3.1-8B exact calibration,unimoral_consequence_generation,Chinese-rq4-long_id_98_DIT_Legality-b,Chinese,0.63944209
Llama-3.1-8B exact calibration,unimoral_consequence_generation,Chinese-rq4-long_id_99_DIT_Rules-a,Chinese,0.58822495
Llama-3.1-8B exact calibration,unimoral_consequence_generation,Chinese-rq4-long_id_99_DIT_Rules-b,Chinese,0.59907532
Llama-3.1-8B exact calibration,unimoral_consequence_generation,Chinese-rq4-long_id_9_MJI_Moral-a,Chinese,0.65138859
Llama-3.1-8B exact calibration,unimoral_consequence_generation,Chinese-rq4-long_id_9_MJI_Moral-b,Chinese,0.67200708
Llama-3.1-8B exact calibration,unimoral_consequence_generation,English-rq4-Reddit_id_1-b,English,0.85936308
Llama-3.1-8B exact calibration,unimoral_consequence_generation,English-rq4-Reddit_id_10-b,English,0.87464416
Llama-3.1-8B exact calibration,unimoral_consequence_generation,English-rq4-Reddit_id_11-a,English,0.88875288
Llama-3.1-8B exact calibration,unimoral_consequence_generation,English-rq4-Reddit_id_11-b,English,0.85050732
Llama-3.1-8B exact calibration,unimoral_consequence_generation,English-rq4-Reddit_id_12-a,English,0.85907763
Llama-3.1-8B exact calibration,unimoral_consequence_generation,English-rq4-Reddit_id_12-b,English,0.86204267
Llama-3.1-8B exact calibration,unimoral_consequence_generation,English-rq4-Reddit_id_13-a,English,0.85727143
Llama-3.1-8B exact calibration,unimoral_consequence_generation,English-rq4-Reddit_id_14-a,English,0.85641211
Llama-3.1-8B exact calibration,unimoral_consequence_generation,English-rq4-Reddit_id_14-b,English,0.88237405
Llama-3.1-8B exact calibration,unimoral_consequence_generation,English-rq4-Reddit_id_15-a,English,0.83966625
Llama-3.1-8B exact calibration,unimoral_consequence_generation,English-rq4-Reddit_id_15-b,English,0.88684314
Llama-3.1-8B exact calibration,unimoral_consequence_generation,English-rq4-Reddit_id_16-b,English,0.86024904
Llama-3.1-8B exact calibration,unimoral_consequence_generation,English-rq4-Reddit_id_17-a,English,0.8744964
Llama-3.1-8B exact calibration,unimoral_consequence_generation,English-rq4-Reddit_id_17-b,English,0.84923637
Llama-3.1-8B exact calibration,unimoral_consequence_generation,English-rq4-Reddit_id_18-b,English,0.87112004
Llama-3.1-8B exact calibration,unimoral_consequence_generation,English-rq4-Reddit_id_19-b,English,0.85813791
Llama-3.1-8B exact calibration,unimoral_consequence_generation,English-rq4-Reddit_id_2-a,English,0.85992664
Llama-3.1-8B exact calibration,unimoral_consequence_generation,English-rq4-Reddit_id_20-a,English,0.85775411
Llama-3.1-8B exact calibration,unimoral_consequence_generation,English-rq4-Reddit_id_20-b,English,0.84614545
Llama-3.1-8B exact calibration,unimoral_consequence_generation,English-rq4-Reddit_id_21-a,English,0.86364341
Llama-3.1-8B exact calibration,unimoral_consequence_generation,English-rq4-Reddit_id_21-b,English,0.82875961
Llama-3.1-8B exact calibration,unimoral_consequence_generation,English-rq4-Reddit_id_22-b,English,0.85980493
Llama-3.1-8B exact calibration,unimoral_consequence_generation,English-rq4-Reddit_id_23-a,English,0.86567277
Llama-3.1-8B exact calibration,unimoral_consequence_generation,English-rq4-Reddit_id_23-b,English,0.82539505
Llama-3.1-8B exact calibration,unimoral_consequence_generation,English-rq4-Reddit_id_24-b,English,0.88083029
Llama-3.1-8B exact calibration,unimoral_consequence_generation,English-rq4-Reddit_id_25-a,English,0.8441177
Llama-3.1-8B exact calibration,unimoral_consequence_generation,English-rq4-Reddit_id_26-a,English,0.84299982
Llama-3.1-8B exact calibration,unimoral_consequence_generation,English-rq4-Reddit_id_26-b,English,0.82575911
Llama-3.1-8B exact calibration,unimoral_consequence_generation,English-rq4-Reddit_id_27-a,English,0.87074059
Llama-3.1-8B exact calibration,unimoral_consequence_generation,English-rq4-Reddit_id_28-a,English,0.8846882
Llama-3.1-8B exact calibration,unimoral_consequence_generation,English-rq4-Reddit_id_29-a,English,0.86955571
Llama-3.1-8B exact calibration,unimoral_consequence_generation,English-rq4-Reddit_id_29-b,English,0.89014083
Llama-3.1-8B exact calibration,unimoral_consequence_generation,English-rq4-Reddit_id_3-a,English,0.83092493
Llama-3.1-8B exact calibration,unimoral_consequence_generation,English-rq4-Reddit_id_3-b,English,0.85846317
Llama-3.1-8B exact calibration,unimoral_consequence_generation,English-rq4-Reddit_id_30-a,English,0.85175425
Llama-3.1-8B exact calibration,unimoral_consequence_generation,English-rq4-Reddit_id_30-b,English,0.84193403
Llama-3.1-8B exact calibration,unimoral_consequence_generation,English-rq4-Reddit_id_31-a,English,0.84032786
Llama-3.1-8B exact calibration,unimoral_consequence_generation,English-rq4-Reddit_id_31-b,English,0.87763947
Llama-3.1-8B exact calibration,unimoral_consequence_generation,English-rq4-Reddit_id_32-a,English,0.84904945
Llama-3.1-8B exact calibration,unimoral_consequence_generation,English-rq4-Reddit_id_32-b,English,0.85187501
Llama-3.1-8B exact calibration,unimoral_consequence_generation,English-rq4-Reddit_id_33-a,English,0.84955019
Llama-3.1-8B exact calibration,unimoral_consequence_generation,English-rq4-Reddit_id_33-b,English,0.85841519
Llama-3.1-8B exact calibration,unimoral_consequence_generation,English-rq4-Reddit_id_34-a,English,0.85100073
Llama-3.1-8B exact calibration,unimoral_consequence_generation,English-rq4-Reddit_id_34-b,English,0.85479337
Llama-3.1-8B exact calibration,unimoral_consequence_generation,English-rq4-Reddit_id_35-b,English,0.88906235
Llama-3.1-8B exact calibration,unimoral_consequence_generation,English-rq4-Reddit_id_36-a,English,0.87521917
Llama-3.1-8B exact calibration,unimoral_consequence_generation,English-rq4-Reddit_id_36-b,English,0.84394872
Llama-3.1-8B exact calibration,unimoral_consequence_generation,English-rq4-Reddit_id_37-b,English,0.87709916
Llama-3.1-8B exact calibration,unimoral_consequence_generation,English-rq4-Reddit_id_38-a,English,0.85232031
Llama-3.1-8B exact calibration,unimoral_consequence_generation,English-rq4-Reddit_id_38-b,English,0.85824299
Llama-3.1-8B exact calibration,unimoral_consequence_generation,English-rq4-Reddit_id_39-a,English,0.85569412
Llama-3.1-8B exact calibration,unimoral_consequence_generation,English-rq4-Reddit_id_39-b,English,0.84013778
Llama-3.1-8B exact calibration,unimoral_consequence_generation,English-rq4-Reddit_id_4-a,English,0.84609717
Llama-3.1-8B exact calibration,unimoral_consequence_generation,English-rq4-Reddit_id_4-b,English,0.85111564
Llama-3.1-8B exact calibration,unimoral_consequence_generation,English-rq4-Reddit_id_40-a,English,0.89127553
Llama-3.1-8B exact calibration,unimoral_consequence_generation,English-rq4-Reddit_id_40-b,English,0.85135764
Llama-3.1-8B exact calibration,unimoral_consequence_generation,English-rq4-Reddit_id_41-a,English,0.868011
Llama-3.1-8B exact calibration,unimoral_consequence_generation,English-rq4-Reddit_id_41-b,English,0.8497017
Llama-3.1-8B exact calibration,unimoral_consequence_generation,English-rq4-Reddit_id_42-a,English,0.85501266
Llama-3.1-8B exact calibration,unimoral_consequence_generation,English-rq4-Reddit_id_43-a,English,0.90571046
Llama-3.1-8B exact calibration,unimoral_consequence_generation,English-rq4-Reddit_id_43-b,English,0.84200102
Llama-3.1-8B exact calibration,unimoral_consequence_generation,English-rq4-Reddit_id_44-a,English,0.85141248
Llama-3.1-8B exact calibration,unimoral_consequence_generation,English-rq4-Reddit_id_44-b,English,0.87361914
Llama-3.1-8B exact calibration,unimoral_consequence_generation,English-rq4-Reddit_id_45-a,English,0.81879604
Llama-3.1-8B exact calibration,unimoral_consequence_generation,English-rq4-Reddit_id_45-b,English,0.8910439
Llama-3.1-8B exact calibration,unimoral_consequence_generation,English-rq4-Reddit_id_46-a,English,0.89297277
Llama-3.1-8B exact calibration,unimoral_consequence_generation,English-rq4-Reddit_id_47-a,English,0.87819397
Llama-3.1-8B exact calibration,unimoral_consequence_generation,English-rq4-Reddit_id_48-a,English,0.88066375
Llama-3.1-8B exact calibration,unimoral_consequence_generation,English-rq4-Reddit_id_48-b,English,0.82498187
Llama-3.1-8B exact calibration,unimoral_consequence_generation,English-rq4-Reddit_id_49-a,English,0.86521035
Llama-3.1-8B exact calibration,unimoral_consequence_generation,English-rq4-Reddit_id_49-b,English,0.86258513
Llama-3.1-8B exact calibration,unimoral_consequence_generation,English-rq4-Reddit_id_5-b,English,0.85751647
Llama-3.1-8B exact calibration,unimoral_consequence_generation,English-rq4-Reddit_id_50-a,English,0.84926438
Llama-3.1-8B exact calibration,unimoral_consequence_generation,English-rq4-Reddit_id_50-b,English,0.86048001
Llama-3.1-8B exact calibration,unimoral_consequence_generation,English-rq4-Reddit_id_6-a,English,0.86769623
Llama-3.1-8B exact calibration,unimoral_consequence_generation,English-rq4-Reddit_id_6-b,English,0.87630653
Llama-3.1-8B exact calibration,unimoral_consequence_generation,English-rq4-Reddit_id_7-a,English,0.86807877
Llama-3.1-8B exact calibration,unimoral_consequence_generation,English-rq4-Reddit_id_7-b,English,0.8577162
Llama-3.1-8B exact calibration,unimoral_consequence_generation,English-rq4-Reddit_id_8-b,English,0.86891675
Llama-3.1-8B exact calibration,unimoral_consequence_generation,English-rq4-Reddit_id_9-a,English,0.8647846
Llama-3.1-8B exact calibration,unimoral_consequence_generation,English-rq4-Reddit_id_9-b,English,0.87173891
Llama-3.1-8B exact calibration,unimoral_consequence_generation,English-rq4-long_id_0_MJI_Emotions-a,English,0.88493049
Llama-3.1-8B exact calibration,unimoral_consequence_generation,English-rq4-long_id_0_MJI_Emotions-b,English,0.85380518
Llama-3.1-8B exact calibration,unimoral_consequence_generation,English-rq4-long_id_100_DIT_Rules-a,English,0.84079826
Llama-3.1-8B exact calibration,unimoral_consequence_generation,English-rq4-long_id_100_DIT_Rules-b,English,0.86503327
Llama-3.1-8B exact calibration,unimoral_consequence_generation,English-rq4-long_id_101_DIT_Rules-a,English,0.86376411
Llama-3.1-8B exact calibration,unimoral_consequence_generation,English-rq4-long_id_101_DIT_Rules-b,English,0.87152869
Llama-3.1-8B exact calibration,unimoral_consequence_generation,English-rq4-long_id_102_DIT_Rules-a,English,0.87491131
Llama-3.1-8B exact calibration,unimoral_consequence_generation,English-rq4-long_id_103_DIT_Rules-a,English,0.85347617
Llama-3.1-8B exact calibration,unimoral_consequence_generation,English-rq4-long_id_103_DIT_Rules-b,English,0.84922117
Llama-3.1-8B exact calibration,unimoral_consequence_generation,English-rq4-long_id_104_DIT_Rules-a,English,0.82671452
Llama-3.1-8B exact calibration,unimoral_consequence_generation,English-rq4-long_id_105_DIT_Politeness-a,English,0.87580514
Llama-3.1-8B exact calibration,unimoral_consequence_generation,English-rq4-long_id_105_DIT_Politeness-b,English,0.86712521
Llama-3.1-8B exact calibration,unimoral_consequence_generation,English-rq4-long_id_106_DIT_Politeness-a,English,0.87194222
Llama-3.1-8B exact calibration,unimoral_consequence_generation,English-rq4-long_id_106_DIT_Politeness-b,English,0.85304332
Llama-3.1-8B exact calibration,unimoral_consequence_generation,English-rq4-long_id_107_DIT_Politeness-a,English,0.87954497
Llama-3.1-8B exact calibration,unimoral_consequence_generation,English-rq4-long_id_108_DIT_Politeness-a,English,0.85899919
Llama-3.1-8B exact calibration,unimoral_consequence_generation,English-rq4-long_id_108_DIT_Politeness-b,English,0.87483919
Llama-3.1-8B exact calibration,unimoral_consequence_generation,English-rq4-long_id_109_DIT_Politeness-a,English,0.88548583
Llama-3.1-8B exact calibration,unimoral_consequence_generation,English-rq4-long_id_109_DIT_Politeness-b,English,0.86178875
Llama-3.1-8B exact calibration,unimoral_consequence_generation,English-rq4-long_id_10_MJI_Moral-a,English,0.85703099
Llama-3.1-8B exact calibration,unimoral_consequence_generation,English-rq4-long_id_10_MJI_Moral-b,English,0.87248743
Llama-3.1-8B exact calibration,unimoral_consequence_generation,English-rq4-long_id_110_DIT_Politeness-a,English,0.87628555
Llama-3.1-8B exact calibration,unimoral_consequence_generation,English-rq4-long_id_111_DIT_Sacred Values-a,English,0.85807359
Llama-3.1-8B exact calibration,unimoral_consequence_generation,English-rq4-long_id_111_DIT_Sacred Values-b,English,0.86573648
Llama-3.1-8B exact calibration,unimoral_consequence_generation,English-rq4-long_id_112_DIT_Sacred Values-b,English,0.84511226
Llama-3.1-8B exact calibration,unimoral_consequence_generation,English-rq4-long_id_113_DIT_Sacred Values-b,English,0.87224752
Llama-3.1-8B exact calibration,unimoral_consequence_generation,English-rq4-long_id_114_DIT_Sacred Values-a,English,0.90150189
Llama-3.1-8B exact calibration,unimoral_consequence_generation,English-rq4-long_id_114_DIT_Sacred Values-b,English,0.86056548
Llama-3.1-8B exact calibration,unimoral_consequence_generation,English-rq4-long_id_115_DIT_Sacred Values-a,English,0.87085986
Llama-3.1-8B exact calibration,unimoral_consequence_generation,English-rq4-long_id_115_DIT_Sacred Values-b,English,0.86839783
Llama-3.1-8B exact calibration,unimoral_consequence_generation,English-rq4-long_id_116_DIT_Sacred Values-a,English,0.81816345
Llama-3.1-8B exact calibration,unimoral_consequence_generation,English-rq4-long_id_116_DIT_Sacred Values-b,English,0.84968734
Llama-3.1-8B exact calibration,unimoral_consequence_generation,English-rq4-long_id_117_MCT_Emotions-a,English,0.87218183
Llama-3.1-8B exact calibration,unimoral_consequence_generation,English-rq4-long_id_118_MCT_Emotions-b,English,0.85243839
Llama-3.1-8B exact calibration,unimoral_consequence_generation,English-rq4-long_id_119_MCT_Emotions-a,English,0.81346327
Llama-3.1-8B exact calibration,unimoral_consequence_generation,English-rq4-long_id_119_MCT_Emotions-b,English,0.87064236
Llama-3.1-8B exact calibration,unimoral_consequence_generation,English-rq4-long_id_11_MJI_Moral-a,English,0.87020236
Llama-3.1-8B exact calibration,unimoral_consequence_generation,English-rq4-long_id_11_MJI_Moral-b,English,0.84918696
Llama-3.1-8B exact calibration,unimoral_consequence_generation,English-rq4-long_id_120_MCT_Moral-a,English,0.85544914
Llama-3.1-8B exact calibration,unimoral_consequence_generation,English-rq4-long_id_121_MCT_Moral-a,English,0.87510431
Llama-3.1-8B exact calibration,unimoral_consequence_generation,English-rq4-long_id_121_MCT_Moral-b,English,0.86555123
Llama-3.1-8B exact calibration,unimoral_consequence_generation,English-rq4-long_id_122_MCT_Moral-a,English,0.90140647
Llama-3.1-8B exact calibration,unimoral_consequence_generation,English-rq4-long_id_122_MCT_Moral-b,English,0.90423745
Llama-3.1-8B exact calibration,unimoral_consequence_generation,English-rq4-long_id_123_MCT_Culture-a,English,0.86269236
Llama-3.1-8B exact calibration,unimoral_consequence_generation,English-rq4-long_id_123_MCT_Culture-b,English,0.87573749
Llama-3.1-8B exact calibration,unimoral_consequence_generation,English-rq4-long_id_124_MCT_Culture-a,English,0.83733302
Llama-3.1-8B exact calibration,unimoral_consequence_generation,English-rq4-long_id_124_MCT_Culture-b,English,0.84298223
Llama-3.1-8B exact calibration,unimoral_consequence_generation,English-rq4-long_id_125_MCT_Culture-b,English,0.88089067
Llama-3.1-8B exact calibration,unimoral_consequence_generation,English-rq4-long_id_126_MCT_Responsibilities-a,English,0.86503023
Llama-3.1-8B exact calibration,unimoral_consequence_generation,English-rq4-long_id_127_MCT_Responsibilities-a,English,0.8908003
Llama-3.1-8B exact calibration,unimoral_consequence_generation,English-rq4-long_id_127_MCT_Responsibilities-b,English,0.84888488
Llama-3.1-8B exact calibration,unimoral_consequence_generation,English-rq4-long_id_128_MCT_Responsibilities-a,English,0.86538571
Llama-3.1-8B exact calibration,unimoral_consequence_generation,English-rq4-long_id_129_MCT_Relationships-b,English,0.88378376
Llama-3.1-8B exact calibration,unimoral_consequence_generation,English-rq4-long_id_12_MJI_Moral-a,English,0.86319149
Llama-3.1-8B exact calibration,unimoral_consequence_generation,English-rq4-long_id_12_MJI_Moral-b,English,0.83540606
Llama-3.1-8B exact calibration,unimoral_consequence_generation,English-rq4-long_id_130_MCT_Relationships-a,English,0.86503249
Llama-3.1-8B exact calibration,unimoral_consequence_generation,English-rq4-long_id_130_MCT_Relationships-b,English,0.84237677
Llama-3.1-8B exact calibration,unimoral_consequence_generation,English-rq4-long_id_131_MCT_Relationships-a,English,0.8592183
Llama-3.1-8B exact calibration,unimoral_consequence_generation,English-rq4-long_id_131_MCT_Relationships-b,English,0.83932078
Llama-3.1-8B exact calibration,unimoral_consequence_generation,English-rq4-long_id_132_MCT_Legality-a,English,0.8916629
Llama-3.1-8B exact calibration,unimoral_consequence_generation,English-rq4-long_id_133_MCT_Legality-a,English,0.87375182
Llama-3.1-8B exact calibration,unimoral_consequence_generation,English-rq4-long_id_133_MCT_Legality-b,English,0.85380459
Llama-3.1-8B exact calibration,unimoral_consequence_generation,English-rq4-long_id_134_MCT_Legality-b,English,0.84070325
Llama-3.1-8B exact calibration,unimoral_consequence_generation,English-rq4-long_id_135_MCT_Rules-a,English,0.85663855
Llama-3.1-8B exact calibration,unimoral_consequence_generation,English-rq4-long_id_135_MCT_Rules-b,English,0.83457494
Llama-3.1-8B exact calibration,unimoral_consequence_generation,English-rq4-long_id_136_MCT_Rules-a,English,0.85655808
Llama-3.1-8B exact calibration,unimoral_consequence_generation,English-rq4-long_id_136_MCT_Rules-b,English,0.87590814
Llama-3.1-8B exact calibration,unimoral_consequence_generation,English-rq4-long_id_137_MCT_Rules-a,English,0.8979162
Llama-3.1-8B exact calibration,unimoral_consequence_generation,English-rq4-long_id_138_MCT_Politeness-a,English,0.85293794
Llama-3.1-8B exact calibration,unimoral_consequence_generation,English-rq4-long_id_139_MCT_Politeness-a,English,0.83209157
Llama-3.1-8B exact calibration,unimoral_consequence_generation,English-rq4-long_id_139_MCT_Politeness-b,English,0.83544469
Llama-3.1-8B exact calibration,unimoral_consequence_generation,English-rq4-long_id_13_MJI_Moral-a,English,0.83848757
Llama-3.1-8B exact calibration,unimoral_consequence_generation,English-rq4-long_id_140_MCT_Politeness-a,English,0.88835305
Llama-3.1-8B exact calibration,unimoral_consequence_generation,English-rq4-long_id_141_MCT_Sacred Values-a,English,0.83246017
Llama-3.1-8B exact calibration,unimoral_consequence_generation,English-rq4-long_id_141_MCT_Sacred Values-b,English,0.83440286
Llama-3.1-8B exact calibration,unimoral_consequence_generation,English-rq4-long_id_142_MCT_Sacred Values-a,English,0.84157199
Llama-3.1-8B exact calibration,unimoral_consequence_generation,English-rq4-long_id_142_MCT_Sacred Values-b,English,0.85096562
Llama-3.1-8B exact calibration,unimoral_consequence_generation,English-rq4-long_id_143_MCT_Sacred Values-a,English,0.85273761
Llama-3.1-8B exact calibration,unimoral_consequence_generation,English-rq4-long_id_14_MJI_Culture-a,English,0.84822762
Llama-3.1-8B exact calibration,unimoral_consequence_generation,English-rq4-long_id_14_MJI_Culture-b,English,0.85959017
Llama-3.1-8B exact calibration,unimoral_consequence_generation,English-rq4-long_id_15_MJI_Culture-a,English,0.88974458
Llama-3.1-8B exact calibration,unimoral_consequence_generation,English-rq4-long_id_16_MJI_Culture-a,English,0.87667608
Llama-3.1-8B exact calibration,unimoral_consequence_generation,English-rq4-long_id_16_MJI_Culture-b,English,0.86004347
Llama-3.1-8B exact calibration,unimoral_consequence_generation,English-rq4-long_id_17_MJI_Culture-a,English,0.87059593
Llama-3.1-8B exact calibration,unimoral_consequence_generation,English-rq4-long_id_17_MJI_Culture-b,English,0.83704215
Llama-3.1-8B exact calibration,unimoral_consequence_generation,English-rq4-long_id_18_MJI_Culture-a,English,0.85013074
Llama-3.1-8B exact calibration,unimoral_consequence_generation,English-rq4-long_id_19_MJI_Culture-b,English,0.8724736
Llama-3.1-8B exact calibration,unimoral_consequence_generation,English-rq4-long_id_1_MJI_Emotions-a,English,0.84794164
Llama-3.1-8B exact calibration,unimoral_consequence_generation,English-rq4-long_id_1_MJI_Emotions-b,English,0.8715598
Llama-3.1-8B exact calibration,unimoral_consequence_generation,English-rq4-long_id_20_MJI_Culture-b,English,0.86929417
Llama-3.1-8B exact calibration,unimoral_consequence_generation,English-rq4-long_id_21_MJI_Responsibilities-a,English,0.85348493
Llama-3.1-8B exact calibration,unimoral_consequence_generation,English-rq4-long_id_22_MJI_Responsibilities-a,English,0.87479722
Llama-3.1-8B exact calibration,unimoral_consequence_generation,English-rq4-long_id_22_MJI_Responsibilities-b,English,0.83158839
Llama-3.1-8B exact calibration,unimoral_consequence_generation,English-rq4-long_id_23_MJI_Responsibilities-a,English,0.85311007
Llama-3.1-8B exact calibration,unimoral_consequence_generation,English-rq4-long_id_23_MJI_Responsibilities-b,English,0.89639521
Llama-3.1-8B exact calibration,unimoral_consequence_generation,English-rq4-long_id_24_MJI_Responsibilities-a,English,0.8317762
Llama-3.1-8B exact calibration,unimoral_consequence_generation,English-rq4-long_id_24_MJI_Responsibilities-b,English,0.86559391
Llama-3.1-8B exact calibration,unimoral_consequence_generation,English-rq4-long_id_25_MJI_Responsibilities-b,English,0.84983283
Llama-3.1-8B exact calibration,unimoral_consequence_generation,English-rq4-long_id_26_MJI_Responsibilities-a,English,0.86611724
Llama-3.1-8B exact calibration,unimoral_consequence_generation,English-rq4-long_id_27_MJI_Responsibilities-b,English,0.84185416
Llama-3.1-8B exact calibration,unimoral_consequence_generation,English-rq4-long_id_28_MJI_Relationships-b,English,0.8781876
Llama-3.1-8B exact calibration,unimoral_consequence_generation,English-rq4-long_id_29_MJI_Relationships-b,English,0.87606364
Llama-3.1-8B exact calibration,unimoral_consequence_generation,English-rq4-long_id_2_MJI_Emotions-a,English,0.85766894
Llama-3.1-8B exact calibration,unimoral_consequence_generation,English-rq4-long_id_30_MJI_Relationships-b,English,0.86489034
Llama-3.1-8B exact calibration,unimoral_consequence_generation,English-rq4-long_id_31_MJI_Relationships-b,English,0.85245633
Llama-3.1-8B exact calibration,unimoral_consequence_generation,English-rq4-long_id_32_MJI_Relationships-a,English,0.85746211
Llama-3.1-8B exact calibration,unimoral_consequence_generation,English-rq4-long_id_32_MJI_Relationships-b,English,0.8543244
Llama-3.1-8B exact calibration,unimoral_consequence_generation,English-rq4-long_id_33_MJI_Relationships-b,English,0.8563562
Llama-3.1-8B exact calibration,unimoral_consequence_generation,English-rq4-long_id_34_MJI_Relationships-b,English,0.86990362
Llama-3.1-8B exact calibration,unimoral_consequence_generation,English-rq4-long_id_35_MJI_Legality-a,English,0.85728341
Llama-3.1-8B exact calibration,unimoral_consequence_generation,English-rq4-long_id_35_MJI_Legality-b,English,0.82408488
Llama-3.1-8B exact calibration,unimoral_consequence_generation,English-rq4-long_id_36_MJI_Legality-b,English,0.87538469
Llama-3.1-8B exact calibration,unimoral_consequence_generation,English-rq4-long_id_37_MJI_Legality-a,English,0.8624351
Llama-3.1-8B exact calibration,unimoral_consequence_generation,English-rq4-long_id_37_MJI_Legality-b,English,0.85614353
Llama-3.1-8B exact calibration,unimoral_consequence_generation,English-rq4-long_id_38_MJI_Legality-a,English,0.88092166
Llama-3.1-8B exact calibration,unimoral_consequence_generation,English-rq4-long_id_39_MJI_Legality-a,English,0.85290062
Llama-3.1-8B exact calibration,unimoral_consequence_generation,English-rq4-long_id_39_MJI_Legality-b,English,0.79360259
Llama-3.1-8B exact calibration,unimoral_consequence_generation,English-rq4-long_id_3_MJI_Emotions-a,English,0.86222804
Llama-3.1-8B exact calibration,unimoral_consequence_generation,English-rq4-long_id_40_MJI_Legality-a,English,0.86618602
Llama-3.1-8B exact calibration,unimoral_consequence_generation,English-rq4-long_id_40_MJI_Legality-b,English,0.84411776
Llama-3.1-8B exact calibration,unimoral_consequence_generation,English-rq4-long_id_41_MJI_Legality-a,English,0.86642224
Llama-3.1-8B exact calibration,unimoral_consequence_generation,English-rq4-long_id_41_MJI_Legality-b,English,0.86070228
Llama-3.1-8B exact calibration,unimoral_consequence_generation,English-rq4-long_id_42_MJI_Rules-a,English,0.84488404
Llama-3.1-8B exact calibration,unimoral_consequence_generation,English-rq4-long_id_43_MJI_Rules-a,English,0.87881774
Llama-3.1-8B exact calibration,unimoral_consequence_generation,English-rq4-long_id_44_MJI_Rules-a,English,0.85778809
Llama-3.1-8B exact calibration,unimoral_consequence_generation,English-rq4-long_id_44_MJI_Rules-b,English,0.88122284
Llama-3.1-8B exact calibration,unimoral_consequence_generation,English-rq4-long_id_45_MJI_Rules-b,English,0.85526431
Llama-3.1-8B exact calibration,unimoral_consequence_generation,English-rq4-long_id_46_MJI_Rules-a,English,0.89585572
Llama-3.1-8B exact calibration,unimoral_consequence_generation,English-rq4-long_id_46_MJI_Rules-b,English,0.86018908
Llama-3.1-8B exact calibration,unimoral_consequence_generation,English-rq4-long_id_47_MJI_Rules-a,English,0.85564923
Llama-3.1-8B exact calibration,unimoral_consequence_generation,English-rq4-long_id_47_MJI_Rules-b,English,0.84837282
Llama-3.1-8B exact calibration,unimoral_consequence_generation,English-rq4-long_id_48_MJI_Rules-a,English,0.8612408
Llama-3.1-8B exact calibration,unimoral_consequence_generation,English-rq4-long_id_49_MJI_Politeness-b,English,0.87392563
Llama-3.1-8B exact calibration,unimoral_consequence_generation,English-rq4-long_id_4_MJI_Emotions-a,English,0.87693411
Llama-3.1-8B exact calibration,unimoral_consequence_generation,English-rq4-long_id_50_MJI_Politeness-a,English,0.86961704
Llama-3.1-8B exact calibration,unimoral_consequence_generation,English-rq4-long_id_50_MJI_Politeness-b,English,0.86907154
Llama-3.1-8B exact calibration,unimoral_consequence_generation,English-rq4-long_id_51_MJI_Politeness-b,English,0.8866359
Llama-3.1-8B exact calibration,unimoral_consequence_generation,English-rq4-long_id_52_MJI_Politeness-a,English,0.84011418
Llama-3.1-8B exact calibration,unimoral_consequence_generation,English-rq4-long_id_52_MJI_Politeness-b,English,0.89617407
Llama-3.1-8B exact calibration,unimoral_consequence_generation,English-rq4-long_id_53_MJI_Politeness-b,English,0.89364362
Llama-3.1-8B exact calibration,unimoral_consequence_generation,English-rq4-long_id_54_MJI_Politeness-a,English,0.86260831
Llama-3.1-8B exact calibration,unimoral_consequence_generation,English-rq4-long_id_54_MJI_Politeness-b,English,0.86395276
Llama-3.1-8B exact calibration,unimoral_consequence_generation,English-rq4-long_id_55_MJI_Politeness-a,English,0.87639493
Llama-3.1-8B exact calibration,unimoral_consequence_generation,English-rq4-long_id_55_MJI_Politeness-b,English,0.8457185
Llama-3.1-8B exact calibration,unimoral_consequence_generation,English-rq4-long_id_56_MJI_Sacred Values-a,English,0.86958289
Llama-3.1-8B exact calibration,unimoral_consequence_generation,English-rq4-long_id_57_MJI_Sacred Values-a,English,0.88126749
Llama-3.1-8B exact calibration,unimoral_consequence_generation,English-rq4-long_id_58_MJI_Sacred Values-a,English,0.85793322
Llama-3.1-8B exact calibration,unimoral_consequence_generation,English-rq4-long_id_59_MJI_Sacred Values-b,English,0.86321086
Llama-3.1-8B exact calibration,unimoral_consequence_generation,English-rq4-long_id_5_MJI_Emotions-a,English,0.86513281
Llama-3.1-8B exact calibration,unimoral_consequence_generation,English-rq4-long_id_5_MJI_Emotions-b,English,0.85385704
Llama-3.1-8B exact calibration,unimoral_consequence_generation,English-rq4-long_id_60_MJI_Sacred Values-a,English,0.88999528
Llama-3.1-8B exact calibration,unimoral_consequence_generation,English-rq4-long_id_61_MJI_Sacred Values-a,English,0.82409459
Llama-3.1-8B exact calibration,unimoral_consequence_generation,English-rq4-long_id_61_MJI_Sacred Values-b,English,0.88688093
Llama-3.1-8B exact calibration,unimoral_consequence_generation,English-rq4-long_id_62_MJI_Sacred Values-b,English,0.85265809
Llama-3.1-8B exact calibration,unimoral_consequence_generation,English-rq4-long_id_63_DIT_Emotions-b,English,0.87668431
Llama-3.1-8B exact calibration,unimoral_consequence_generation,English-rq4-long_id_64_DIT_Emotions-a,English,0.8900063
Llama-3.1-8B exact calibration,unimoral_consequence_generation,English-rq4-long_id_64_DIT_Emotions-b,English,0.88171625
Llama-3.1-8B exact calibration,unimoral_consequence_generation,English-rq4-long_id_65_DIT_Emotions-a,English,0.86502081
Llama-3.1-8B exact calibration,unimoral_consequence_generation,English-rq4-long_id_65_DIT_Emotions-b,English,0.85292405
Llama-3.1-8B exact calibration,unimoral_consequence_generation,English-rq4-long_id_66_DIT_Emotions-a,English,0.85970294
Llama-3.1-8B exact calibration,unimoral_consequence_generation,English-rq4-long_id_67_DIT_Emotions-b,English,0.86779797
Llama-3.1-8B exact calibration,unimoral_consequence_generation,English-rq4-long_id_68_DIT_Emotions-a,English,0.85922927
Llama-3.1-8B exact calibration,unimoral_consequence_generation,English-rq4-long_id_68_DIT_Emotions-b,English,0.85183948
Llama-3.1-8B exact calibration,unimoral_consequence_generation,English-rq4-long_id_69_DIT_Moral-b,English,0.88783365
Llama-3.1-8B exact calibration,unimoral_consequence_generation,English-rq4-long_id_6_MJI_Emotions-b,English,0.8723675
Llama-3.1-8B exact calibration,unimoral_consequence_generation,English-rq4-long_id_70_DIT_Moral-a,English,0.88388073
Llama-3.1-8B exact calibration,unimoral_consequence_generation,English-rq4-long_id_70_DIT_Moral-b,English,0.87082511
Llama-3.1-8B exact calibration,unimoral_consequence_generation,English-rq4-long_id_71_DIT_Moral-a,English,0.86945873
Llama-3.1-8B exact calibration,unimoral_consequence_generation,English-rq4-long_id_71_DIT_Moral-b,English,0.8487258
Llama-3.1-8B exact calibration,unimoral_consequence_generation,English-rq4-long_id_72_DIT_Moral-b,English,0.85365713
Llama-3.1-8B exact calibration,unimoral_consequence_generation,English-rq4-long_id_73_DIT_Moral-b,English,0.85568172
Llama-3.1-8B exact calibration,unimoral_consequence_generation,English-rq4-long_id_74_DIT_Moral-a,English,0.87071997
Llama-3.1-8B exact calibration,unimoral_consequence_generation,English-rq4-long_id_74_DIT_Moral-b,English,0.85908037
Llama-3.1-8B exact calibration,unimoral_consequence_generation,English-rq4-long_id_75_DIT_Culture-a,English,0.87691832
Llama-3.1-8B exact calibration,unimoral_consequence_generation,English-rq4-long_id_76_DIT_Culture-a,English,0.8711254
Llama-3.1-8B exact calibration,unimoral_consequence_generation,English-rq4-long_id_76_DIT_Culture-b,English,0.83315468
Llama-3.1-8B exact calibration,unimoral_consequence_generation,English-rq4-long_id_77_DIT_Culture-a,English,0.8656494
Llama-3.1-8B exact calibration,unimoral_consequence_generation,English-rq4-long_id_77_DIT_Culture-b,English,0.85858357
Llama-3.1-8B exact calibration,unimoral_consequence_generation,English-rq4-long_id_78_DIT_Culture-a,English,0.88202971
Llama-3.1-8B exact calibration,unimoral_consequence_generation,English-rq4-long_id_79_DIT_Culture-a,English,0.86654156
Llama-3.1-8B exact calibration,unimoral_consequence_generation,English-rq4-long_id_79_DIT_Culture-b,English,0.87537128
Llama-3.1-8B exact calibration,unimoral_consequence_generation,English-rq4-long_id_7_MJI_Moral-b,English,0.87157017
Llama-3.1-8B exact calibration,unimoral_consequence_generation,English-rq4-long_id_80_DIT_Culture-a,English,0.85068762
Llama-3.1-8B exact calibration,unimoral_consequence_generation,English-rq4-long_id_80_DIT_Culture-b,English,0.85499126
Llama-3.1-8B exact calibration,unimoral_consequence_generation,English-rq4-long_id_81_DIT_Responsibilities-a,English,0.86701995
Llama-3.1-8B exact calibration,unimoral_consequence_generation,English-rq4-long_id_82_DIT_Responsibilities-a,English,0.8549782
Llama-3.1-8B exact calibration,unimoral_consequence_generation,English-rq4-long_id_82_DIT_Responsibilities-b,English,0.8545537
Llama-3.1-8B exact calibration,unimoral_consequence_generation,English-rq4-long_id_83_DIT_Responsibilities-b,English,0.85193288
Llama-3.1-8B exact calibration,unimoral_consequence_generation,English-rq4-long_id_84_DIT_Responsibilities-b,English,0.88606757
Llama-3.1-8B exact calibration,unimoral_consequence_generation,English-rq4-long_id_85_DIT_Responsibilities-a,English,0.85493261
Llama-3.1-8B exact calibration,unimoral_consequence_generation,English-rq4-long_id_85_DIT_Responsibilities-b,English,0.87702084
Llama-3.1-8B exact calibration,unimoral_consequence_generation,English-rq4-long_id_86_DIT_Responsibilities-a,English,0.84830207
Llama-3.1-8B exact calibration,unimoral_consequence_generation,English-rq4-long_id_86_DIT_Responsibilities-b,English,0.85398978
Llama-3.1-8B exact calibration,unimoral_consequence_generation,English-rq4-long_id_87_DIT_Relationships-a,English,0.86314017
Llama-3.1-8B exact calibration,unimoral_consequence_generation,English-rq4-long_id_88_DIT_Relationships-a,English,0.86109275
Llama-3.1-8B exact calibration,unimoral_consequence_generation,English-rq4-long_id_88_DIT_Relationships-b,English,0.90296406
Llama-3.1-8B exact calibration,unimoral_consequence_generation,English-rq4-long_id_89_DIT_Relationships-a,English,0.87405193
Llama-3.1-8B exact calibration,unimoral_consequence_generation,English-rq4-long_id_8_MJI_Moral-a,English,0.8513189
Llama-3.1-8B exact calibration,unimoral_consequence_generation,English-rq4-long_id_8_MJI_Moral-b,English,0.81895232
Llama-3.1-8B exact calibration,unimoral_consequence_generation,English-rq4-long_id_90_DIT_Relationships-a,English,0.89315218
Llama-3.1-8B exact calibration,unimoral_consequence_generation,English-rq4-long_id_91_DIT_Relationships-a,English,0.85575587
Llama-3.1-8B exact calibration,unimoral_consequence_generation,English-rq4-long_id_91_DIT_Relationships-b,English,0.86564147
Llama-3.1-8B exact calibration,unimoral_consequence_generation,English-rq4-long_id_92_DIT_Relationships-b,English,0.84902799
Llama-3.1-8B exact calibration,unimoral_consequence_generation,English-rq4-long_id_93_DIT_Legality-a,English,0.83222598
Llama-3.1-8B exact calibration,unimoral_consequence_generation,English-rq4-long_id_93_DIT_Legality-b,English,0.85694695
Llama-3.1-8B exact calibration,unimoral_consequence_generation,English-rq4-long_id_94_DIT_Legality-a,English,0.84337759
Llama-3.1-8B exact calibration,unimoral_consequence_generation,English-rq4-long_id_95_DIT_Legality-a,English,0.86796445
Llama-3.1-8B exact calibration,unimoral_consequence_generation,English-rq4-long_id_96_DIT_Legality-a,English,0.87325525
Llama-3.1-8B exact calibration,unimoral_consequence_generation,English-rq4-long_id_96_DIT_Legality-b,English,0.85085207
Llama-3.1-8B exact calibration,unimoral_consequence_generation,English-rq4-long_id_97_DIT_Legality-b,English,0.85677075
Llama-3.1-8B exact calibration,unimoral_consequence_generation,English-rq4-long_id_98_DIT_Legality-a,English,0.85613328
Llama-3.1-8B exact calibration,unimoral_consequence_generation,English-rq4-long_id_98_DIT_Legality-b,English,0.87917018
Llama-3.1-8B exact calibration,unimoral_consequence_generation,English-rq4-long_id_99_DIT_Rules-a,English,0.88026661
Llama-3.1-8B exact calibration,unimoral_consequence_generation,English-rq4-long_id_9_MJI_Moral-a,English,0.86095774
Llama-3.1-8B exact calibration,unimoral_consequence_generation,English-rq4-long_id_9_MJI_Moral-b,English,0.85726088
Llama-3.1-8B exact calibration,unimoral_consequence_generation,Hindi-rq4-Reddit_id_1-a,Hindi,0.63381541
Llama-3.1-8B exact calibration,unimoral_consequence_generation,Hindi-rq4-Reddit_id_1-b,Hindi,0.63731682
Llama-3.1-8B exact calibration,unimoral_consequence_generation,Hindi-rq4-Reddit_id_10-b,Hindi,0.64122415
Llama-3.1-8B exact calibration,unimoral_consequence_generation,Hindi-rq4-Reddit_id_11-a,Hindi,0.66099215
Llama-3.1-8B exact calibration,unimoral_consequence_generation,Hindi-rq4-Reddit_id_11-b,Hindi,0.61690044
Llama-3.1-8B exact calibration,unimoral_consequence_generation,Hindi-rq4-Reddit_id_12-a,Hindi,0.65280408
Llama-3.1-8B exact calibration,unimoral_consequence_generation,Hindi-rq4-Reddit_id_12-b,Hindi,0.696181
Llama-3.1-8B exact calibration,unimoral_consequence_generation,Hindi-rq4-Reddit_id_13-a,Hindi,0.63712037
Llama-3.1-8B exact calibration,unimoral_consequence_generation,Hindi-rq4-Reddit_id_14-a,Hindi,0.59940314
Llama-3.1-8B exact calibration,unimoral_consequence_generation,Hindi-rq4-Reddit_id_14-b,Hindi,0.6236195
Llama-3.1-8B exact calibration,unimoral_consequence_generation,Hindi-rq4-Reddit_id_15-a,Hindi,0.6131829
Llama-3.1-8B exact calibration,unimoral_consequence_generation,Hindi-rq4-Reddit_id_16-a,Hindi,0.46388316
Llama-3.1-8B exact calibration,unimoral_consequence_generation,Hindi-rq4-Reddit_id_16-b,Hindi,0.62305886
Llama-3.1-8B exact calibration,unimoral_consequence_generation,Hindi-rq4-Reddit_id_17-a,Hindi,0.64176482
Llama-3.1-8B exact calibration,unimoral_consequence_generation,Hindi-rq4-Reddit_id_17-b,Hindi,0.61231458
Llama-3.1-8B exact calibration,unimoral_consequence_generation,Hindi-rq4-Reddit_id_18-a,Hindi,0.64862943
Llama-3.1-8B exact calibration,unimoral_consequence_generation,Hindi-rq4-Reddit_id_18-b,Hindi,0.60709059
Llama-3.1-8B exact calibration,unimoral_consequence_generation,Hindi-rq4-Reddit_id_19-b,Hindi,0.58740962
Llama-3.1-8B exact calibration,unimoral_consequence_generation,Hindi-rq4-Reddit_id_2-a,Hindi,0.68001801
Llama-3.1-8B exact calibration,unimoral_consequence_generation,Hindi-rq4-Reddit_id_20-a,Hindi,0.5772438
Llama-3.1-8B exact calibration,unimoral_consequence_generation,Hindi-rq4-Reddit_id_20-b,Hindi,0.67239672
Llama-3.1-8B exact calibration,unimoral_consequence_generation,Hindi-rq4-Reddit_id_21-a,Hindi,0.56463206
Llama-3.1-8B exact calibration,unimoral_consequence_generation,Hindi-rq4-Reddit_id_21-b,Hindi,0.61566389
Llama-3.1-8B exact calibration,unimoral_consequence_generation,Hindi-rq4-Reddit_id_22-b,Hindi,0.59688199
Llama-3.1-8B exact calibration,unimoral_consequence_generation,Hindi-rq4-Reddit_id_23-a,Hindi,0.64926785
Llama-3.1-8B exact calibration,unimoral_consequence_generation,Hindi-rq4-Reddit_id_23-b,Hindi,0.64390647
Llama-3.1-8B exact calibration,unimoral_consequence_generation,Hindi-rq4-Reddit_id_24-a,Hindi,0.61380309
Llama-3.1-8B exact calibration,unimoral_consequence_generation,Hindi-rq4-Reddit_id_24-b,Hindi,0.55474454
Llama-3.1-8B exact calibration,unimoral_consequence_generation,Hindi-rq4-Reddit_id_25-a,Hindi,0.68778044
Llama-3.1-8B exact calibration,unimoral_consequence_generation,Hindi-rq4-Reddit_id_26-a,Hindi,0.61092407
Llama-3.1-8B exact calibration,unimoral_consequence_generation,Hindi-rq4-Reddit_id_26-b,Hindi,0.5571897
Llama-3.1-8B exact calibration,unimoral_consequence_generation,Hindi-rq4-Reddit_id_27-a,Hindi,0.62846881
Llama-3.1-8B exact calibration,unimoral_consequence_generation,Hindi-rq4-Reddit_id_28-a,Hindi,0.60053492
Llama-3.1-8B exact calibration,unimoral_consequence_generation,Hindi-rq4-Reddit_id_29-a,Hindi,0.62388283
Llama-3.1-8B exact calibration,unimoral_consequence_generation,Hindi-rq4-Reddit_id_29-b,Hindi,0.60792381
Llama-3.1-8B exact calibration,unimoral_consequence_generation,Hindi-rq4-Reddit_id_3-a,Hindi,0.61558843
Llama-3.1-8B exact calibration,unimoral_consequence_generation,Hindi-rq4-Reddit_id_30-a,Hindi,0.66638213
Llama-3.1-8B exact calibration,unimoral_consequence_generation,Hindi-rq4-Reddit_id_30-b,Hindi,0.53871357
Llama-3.1-8B exact calibration,unimoral_consequence_generation,Hindi-rq4-Reddit_id_31-a,Hindi,0.61349416
Llama-3.1-8B exact calibration,unimoral_consequence_generation,Hindi-rq4-Reddit_id_31-b,Hindi,0.65389514
Llama-3.1-8B exact calibration,unimoral_consequence_generation,Hindi-rq4-Reddit_id_32-a,Hindi,0.62317604
Llama-3.1-8B exact calibration,unimoral_consequence_generation,Hindi-rq4-Reddit_id_32-b,Hindi,0.62193966
Llama-3.1-8B exact calibration,unimoral_consequence_generation,Hindi-rq4-Reddit_id_33-a,Hindi,0.62040341
Llama-3.1-8B exact calibration,unimoral_consequence_generation,Hindi-rq4-Reddit_id_34-a,Hindi,0.61949921
Llama-3.1-8B exact calibration,unimoral_consequence_generation,Hindi-rq4-Reddit_id_35-a,Hindi,0.59310317
Llama-3.1-8B exact calibration,unimoral_consequence_generation,Hindi-rq4-Reddit_id_35-b,Hindi,0.59326398
Llama-3.1-8B exact calibration,unimoral_consequence_generation,Hindi-rq4-Reddit_id_36-a,Hindi,0.64724845
Llama-3.1-8B exact calibration,unimoral_consequence_generation,Hindi-rq4-Reddit_id_37-a,Hindi,0.64499474
Llama-3.1-8B exact calibration,unimoral_consequence_generation,Hindi-rq4-Reddit_id_37-b,Hindi,0.6364159
Llama-3.1-8B exact calibration,unimoral_consequence_generation,Hindi-rq4-Reddit_id_38-a,Hindi,0.5400033
Llama-3.1-8B exact calibration,unimoral_consequence_generation,Hindi-rq4-Reddit_id_38-b,Hindi,0.60448313
Llama-3.1-8B exact calibration,unimoral_consequence_generation,Hindi-rq4-Reddit_id_39-a,Hindi,0.59645504
Llama-3.1-8B exact calibration,unimoral_consequence_generation,Hindi-rq4-Reddit_id_39-b,Hindi,0.57044387
Llama-3.1-8B exact calibration,unimoral_consequence_generation,Hindi-rq4-Reddit_id_4-a,Hindi,0.5482766
Llama-3.1-8B exact calibration,unimoral_consequence_generation,Hindi-rq4-Reddit_id_4-b,Hindi,0.58951837
Llama-3.1-8B exact calibration,unimoral_consequence_generation,Hindi-rq4-Reddit_id_40-b,Hindi,0.65505701
Llama-3.1-8B exact calibration,unimoral_consequence_generation,Hindi-rq4-Reddit_id_41-a,Hindi,0.54617202
Llama-3.1-8B exact calibration,unimoral_consequence_generation,Hindi-rq4-Reddit_id_41-b,Hindi,0.6272037
Llama-3.1-8B exact calibration,unimoral_consequence_generation,Hindi-rq4-Reddit_id_42-a,Hindi,0.66737139
Llama-3.1-8B exact calibration,unimoral_consequence_generation,Hindi-rq4-Reddit_id_43-a,Hindi,0.67385024
Llama-3.1-8B exact calibration,unimoral_consequence_generation,Hindi-rq4-Reddit_id_44-a,Hindi,0.60944033
Llama-3.1-8B exact calibration,unimoral_consequence_generation,Hindi-rq4-Reddit_id_44-b,Hindi,0.6757462
Llama-3.1-8B exact calibration,unimoral_consequence_generation,Hindi-rq4-Reddit_id_45-b,Hindi,0.57881635
Llama-3.1-8B exact calibration,unimoral_consequence_generation,Hindi-rq4-Reddit_id_46-a,Hindi,0.60232371
Llama-3.1-8B exact calibration,unimoral_consequence_generation,Hindi-rq4-Reddit_id_47-a,Hindi,0.62641543
Llama-3.1-8B exact calibration,unimoral_consequence_generation,Hindi-rq4-Reddit_id_48-b,Hindi,0.6381039
Llama-3.1-8B exact calibration,unimoral_consequence_generation,Hindi-rq4-Reddit_id_49-a,Hindi,0.58631474
Llama-3.1-8B exact calibration,unimoral_consequence_generation,Hindi-rq4-Reddit_id_49-b,Hindi,0.64967668
Llama-3.1-8B exact calibration,unimoral_consequence_generation,Hindi-rq4-Reddit_id_5-a,Hindi,0.51571065
Llama-3.1-8B exact calibration,unimoral_consequence_generation,Hindi-rq4-Reddit_id_5-b,Hindi,0.6490109
Llama-3.1-8B exact calibration,unimoral_consequence_generation,Hindi-rq4-Reddit_id_50-a,Hindi,0.63230217
Llama-3.1-8B exact calibration,unimoral_consequence_generation,Hindi-rq4-Reddit_id_50-b,Hindi,0.63428682
Llama-3.1-8B exact calibration,unimoral_consequence_generation,Hindi-rq4-Reddit_id_6-a,Hindi,0.68249303
Llama-3.1-8B exact calibration,unimoral_consequence_generation,Hindi-rq4-Reddit_id_6-b,Hindi,0.62091285
Llama-3.1-8B exact calibration,unimoral_consequence_generation,Hindi-rq4-Reddit_id_7-a,Hindi,0.69172943
Llama-3.1-8B exact calibration,unimoral_consequence_generation,Hindi-rq4-Reddit_id_7-b,Hindi,0.59993708
Llama-3.1-8B exact calibration,unimoral_consequence_generation,Hindi-rq4-Reddit_id_8-a,Hindi,0.57076514
Llama-3.1-8B exact calibration,unimoral_consequence_generation,Hindi-rq4-Reddit_id_8-b,Hindi,0.63890928
Llama-3.1-8B exact calibration,unimoral_consequence_generation,Hindi-rq4-Reddit_id_9-a,Hindi,0.61833173
Llama-3.1-8B exact calibration,unimoral_consequence_generation,Hindi-rq4-long_id_0_MJI_Emotions-a,Hindi,0.62298673
Llama-3.1-8B exact calibration,unimoral_consequence_generation,Hindi-rq4-long_id_0_MJI_Emotions-b,Hindi,0.57372147
Llama-3.1-8B exact calibration,unimoral_consequence_generation,Hindi-rq4-long_id_100_DIT_Rules-a,Hindi,0.6192084
Llama-3.1-8B exact calibration,unimoral_consequence_generation,Hindi-rq4-long_id_100_DIT_Rules-b,Hindi,0.61438245
Llama-3.1-8B exact calibration,unimoral_consequence_generation,Hindi-rq4-long_id_101_DIT_Rules-a,Hindi,0.58769411
Llama-3.1-8B exact calibration,unimoral_consequence_generation,Hindi-rq4-long_id_101_DIT_Rules-b,Hindi,0.62934566
Llama-3.1-8B exact calibration,unimoral_consequence_generation,Hindi-rq4-long_id_102_DIT_Rules-a,Hindi,0.65633088
Llama-3.1-8B exact calibration,unimoral_consequence_generation,Hindi-rq4-long_id_103_DIT_Rules-a,Hindi,0.57951295
Llama-3.1-8B exact calibration,unimoral_consequence_generation,Hindi-rq4-long_id_104_DIT_Rules-a,Hindi,0.59990323
Llama-3.1-8B exact calibration,unimoral_consequence_generation,Hindi-rq4-long_id_104_DIT_Rules-b,Hindi,0.63101929
Llama-3.1-8B exact calibration,unimoral_consequence_generation,Hindi-rq4-long_id_105_DIT_Politeness-a,Hindi,0.63274676
Llama-3.1-8B exact calibration,unimoral_consequence_generation,Hindi-rq4-long_id_105_DIT_Politeness-b,Hindi,0.61393756
Llama-3.1-8B exact calibration,unimoral_consequence_generation,Hindi-rq4-long_id_106_DIT_Politeness-a,Hindi,0.65235209
Llama-3.1-8B exact calibration,unimoral_consequence_generation,Hindi-rq4-long_id_106_DIT_Politeness-b,Hindi,0.57597369
Llama-3.1-8B exact calibration,unimoral_consequence_generation,Hindi-rq4-long_id_107_DIT_Politeness-a,Hindi,0.62489897
Llama-3.1-8B exact calibration,unimoral_consequence_generation,Hindi-rq4-long_id_108_DIT_Politeness-a,Hindi,0.65769541
Llama-3.1-8B exact calibration,unimoral_consequence_generation,Hindi-rq4-long_id_109_DIT_Politeness-a,Hindi,0.63263059
Llama-3.1-8B exact calibration,unimoral_consequence_generation,Hindi-rq4-long_id_109_DIT_Politeness-b,Hindi,0.66028631
Llama-3.1-8B exact calibration,unimoral_consequence_generation,Hindi-rq4-long_id_10_MJI_Moral-a,Hindi,0.73436302
Llama-3.1-8B exact calibration,unimoral_consequence_generation,Hindi-rq4-long_id_110_DIT_Politeness-a,Hindi,0.62929392
Llama-3.1-8B exact calibration,unimoral_consequence_generation,Hindi-rq4-long_id_110_DIT_Politeness-b,Hindi,0.58142209
Llama-3.1-8B exact calibration,unimoral_consequence_generation,Hindi-rq4-long_id_111_DIT_Sacred Values-b,Hindi,0.68726057
Llama-3.1-8B exact calibration,unimoral_consequence_generation,Hindi-rq4-long_id_112_DIT_Sacred Values-a,Hindi,0.66720456
Llama-3.1-8B exact calibration,unimoral_consequence_generation,Hindi-rq4-long_id_112_DIT_Sacred Values-b,Hindi,0.69222349
Llama-3.1-8B exact calibration,unimoral_consequence_generation,Hindi-rq4-long_id_113_DIT_Sacred Values-a,Hindi,0.62026602
Llama-3.1-8B exact calibration,unimoral_consequence_generation,Hindi-rq4-long_id_113_DIT_Sacred Values-b,Hindi,0.66905278
Llama-3.1-8B exact calibration,unimoral_consequence_generation,Hindi-rq4-long_id_114_DIT_Sacred Values-a,Hindi,0.62884015
Llama-3.1-8B exact calibration,unimoral_consequence_generation,Hindi-rq4-long_id_115_DIT_Sacred Values-a,Hindi,0.67482555
Llama-3.1-8B exact calibration,unimoral_consequence_generation,Hindi-rq4-long_id_115_DIT_Sacred Values-b,Hindi,0.64383286
Llama-3.1-8B exact calibration,unimoral_consequence_generation,Hindi-rq4-long_id_116_DIT_Sacred Values-a,Hindi,0.62868828
Llama-3.1-8B exact calibration,unimoral_consequence_generation,Hindi-rq4-long_id_116_DIT_Sacred Values-b,Hindi,0.65615439
Llama-3.1-8B exact calibration,unimoral_consequence_generation,Hindi-rq4-long_id_117_MCT_Emotions-a,Hindi,0.65570289
Llama-3.1-8B exact calibration,unimoral_consequence_generation,Hindi-rq4-long_id_118_MCT_Emotions-a,Hindi,0.62020564
Llama-3.1-8B exact calibration,unimoral_consequence_generation,Hindi-rq4-long_id_118_MCT_Emotions-b,Hindi,0.62513715
Llama-3.1-8B exact calibration,unimoral_consequence_generation,Hindi-rq4-long_id_119_MCT_Emotions-a,Hindi,0.58189547
Llama-3.1-8B exact calibration,unimoral_consequence_generation,Hindi-rq4-long_id_119_MCT_Emotions-b,Hindi,0.66922641
Llama-3.1-8B exact calibration,unimoral_consequence_generation,Hindi-rq4-long_id_11_MJI_Moral-a,Hindi,0.60096759
Llama-3.1-8B exact calibration,unimoral_consequence_generation,Hindi-rq4-long_id_11_MJI_Moral-b,Hindi,0.60354787
Llama-3.1-8B exact calibration,unimoral_consequence_generation,Hindi-rq4-long_id_120_MCT_Moral-a,Hindi,0.67886871
Llama-3.1-8B exact calibration,unimoral_consequence_generation,Hindi-rq4-long_id_121_MCT_Moral-a,Hindi,0.62902558
Llama-3.1-8B exact calibration,unimoral_consequence_generation,Hindi-rq4-long_id_122_MCT_Moral-a,Hindi,0.67413759
Llama-3.1-8B exact calibration,unimoral_consequence_generation,Hindi-rq4-long_id_123_MCT_Culture-a,Hindi,0.60131651
Llama-3.1-8B exact calibration,unimoral_consequence_generation,Hindi-rq4-long_id_123_MCT_Culture-b,Hindi,0.63418567
Llama-3.1-8B exact calibration,unimoral_consequence_generation,Hindi-rq4-long_id_124_MCT_Culture-a,Hindi,0.5968371
Llama-3.1-8B exact calibration,unimoral_consequence_generation,Hindi-rq4-long_id_124_MCT_Culture-b,Hindi,0.61899137
Llama-3.1-8B exact calibration,unimoral_consequence_generation,Hindi-rq4-long_id_125_MCT_Culture-a,Hindi,0.54208928
Llama-3.1-8B exact calibration,unimoral_consequence_generation,Hindi-rq4-long_id_125_MCT_Culture-b,Hindi,0.61137664
Llama-3.1-8B exact calibration,unimoral_consequence_generation,Hindi-rq4-long_id_126_MCT_Responsibilities-a,Hindi,0.59925449
Llama-3.1-8B exact calibration,unimoral_consequence_generation,Hindi-rq4-long_id_127_MCT_Responsibilities-b,Hindi,0.62548739
Llama-3.1-8B exact calibration,unimoral_consequence_generation,Hindi-rq4-long_id_128_MCT_Responsibilities-a,Hindi,0.64259267
Llama-3.1-8B exact calibration,unimoral_consequence_generation,Hindi-rq4-long_id_129_MCT_Relationships-a,Hindi,0.63480252
Llama-3.1-8B exact calibration,unimoral_consequence_generation,Hindi-rq4-long_id_129_MCT_Relationships-b,Hindi,0.63281012
Llama-3.1-8B exact calibration,unimoral_consequence_generation,Hindi-rq4-long_id_12_MJI_Moral-a,Hindi,0.59286642
Llama-3.1-8B exact calibration,unimoral_consequence_generation,Hindi-rq4-long_id_12_MJI_Moral-b,Hindi,0.65089071
Llama-3.1-8B exact calibration,unimoral_consequence_generation,Hindi-rq4-long_id_130_MCT_Relationships-a,Hindi,0.62110525
Llama-3.1-8B exact calibration,unimoral_consequence_generation,Hindi-rq4-long_id_131_MCT_Relationships-a,Hindi,0.60471511
Llama-3.1-8B exact calibration,unimoral_consequence_generation,Hindi-rq4-long_id_131_MCT_Relationships-b,Hindi,0.57008564
Llama-3.1-8B exact calibration,unimoral_consequence_generation,Hindi-rq4-long_id_132_MCT_Legality-a,Hindi,0.59732062
Llama-3.1-8B exact calibration,unimoral_consequence_generation,Hindi-rq4-long_id_132_MCT_Legality-b,Hindi,0.53911817
Llama-3.1-8B exact calibration,unimoral_consequence_generation,Hindi-rq4-long_id_133_MCT_Legality-a,Hindi,0.65927088
Llama-3.1-8B exact calibration,unimoral_consequence_generation,Hindi-rq4-long_id_133_MCT_Legality-b,Hindi,0.62385035
Llama-3.1-8B exact calibration,unimoral_consequence_generation,Hindi-rq4-long_id_134_MCT_Legality-a,Hindi,0.52566552
Llama-3.1-8B exact calibration,unimoral_consequence_generation,Hindi-rq4-long_id_134_MCT_Legality-b,Hindi,0.61674124
Llama-3.1-8B exact calibration,unimoral_consequence_generation,Hindi-rq4-long_id_135_MCT_Rules-a,Hindi,0.60401392
Llama-3.1-8B exact calibration,unimoral_consequence_generation,Hindi-rq4-long_id_136_MCT_Rules-a,Hindi,0.71219718
Llama-3.1-8B exact calibration,unimoral_consequence_generation,Hindi-rq4-long_id_137_MCT_Rules-a,Hindi,0.6654098
Llama-3.1-8B exact calibration,unimoral_consequence_generation,Hindi-rq4-long_id_138_MCT_Politeness-a,Hindi,0.6524086
Llama-3.1-8B exact calibration,unimoral_consequence_generation,Hindi-rq4-long_id_139_MCT_Politeness-a,Hindi,0.66314983
Llama-3.1-8B exact calibration,unimoral_consequence_generation,Hindi-rq4-long_id_139_MCT_Politeness-b,Hindi,0.6082691
Llama-3.1-8B exact calibration,unimoral_consequence_generation,Hindi-rq4-long_id_13_MJI_Moral-a,Hindi,0.63080895
Llama-3.1-8B exact calibration,unimoral_consequence_generation,Hindi-rq4-long_id_140_MCT_Politeness-a,Hindi,0.6513344
Llama-3.1-8B exact calibration,unimoral_consequence_generation,Hindi-rq4-long_id_140_MCT_Politeness-b,Hindi,0.65778774
Llama-3.1-8B exact calibration,unimoral_consequence_generation,Hindi-rq4-long_id_141_MCT_Sacred Values-a,Hindi,0.64531934
Llama-3.1-8B exact calibration,unimoral_consequence_generation,Hindi-rq4-long_id_141_MCT_Sacred Values-b,Hindi,0.64957476
Llama-3.1-8B exact calibration,unimoral_consequence_generation,Hindi-rq4-long_id_142_MCT_Sacred Values-a,Hindi,0.65431142
Llama-3.1-8B exact calibration,unimoral_consequence_generation,Hindi-rq4-long_id_142_MCT_Sacred Values-b,Hindi,0.71062738
Llama-3.1-8B exact calibration,unimoral_consequence_generation,Hindi-rq4-long_id_143_MCT_Sacred Values-a,Hindi,0.67696655
Llama-3.1-8B exact calibration,unimoral_consequence_generation,Hindi-rq4-long_id_143_MCT_Sacred Values-b,Hindi,0.6580205
Llama-3.1-8B exact calibration,unimoral_consequence_generation,Hindi-rq4-long_id_14_MJI_Culture-b,Hindi,0.62982297
Llama-3.1-8B exact calibration,unimoral_consequence_generation,Hindi-rq4-long_id_15_MJI_Culture-a,Hindi,0.57881135
Llama-3.1-8B exact calibration,unimoral_consequence_generation,Hindi-rq4-long_id_15_MJI_Culture-b,Hindi,0.58559066
Llama-3.1-8B exact calibration,unimoral_consequence_generation,Hindi-rq4-long_id_16_MJI_Culture-a,Hindi,0.59774262
Llama-3.1-8B exact calibration,unimoral_consequence_generation,Hindi-rq4-long_id_16_MJI_Culture-b,Hindi,0.61080629
Llama-3.1-8B exact calibration,unimoral_consequence_generation,Hindi-rq4-long_id_17_MJI_Culture-a,Hindi,0.65966415
Llama-3.1-8B exact calibration,unimoral_consequence_generation,Hindi-rq4-long_id_18_MJI_Culture-a,Hindi,0.66350043
Llama-3.1-8B exact calibration,unimoral_consequence_generation,Hindi-rq4-long_id_18_MJI_Culture-b,Hindi,0.62679452
Llama-3.1-8B exact calibration,unimoral_consequence_generation,Hindi-rq4-long_id_19_MJI_Culture-b,Hindi,0.624699
Llama-3.1-8B exact calibration,unimoral_consequence_generation,Hindi-rq4-long_id_1_MJI_Emotions-a,Hindi,0.63235742
Llama-3.1-8B exact calibration,unimoral_consequence_generation,Hindi-rq4-long_id_1_MJI_Emotions-b,Hindi,0.57914346
Llama-3.1-8B exact calibration,unimoral_consequence_generation,Hindi-rq4-long_id_20_MJI_Culture-a,Hindi,0.58562672
Llama-3.1-8B exact calibration,unimoral_consequence_generation,Hindi-rq4-long_id_20_MJI_Culture-b,Hindi,0.62361598
Llama-3.1-8B exact calibration,unimoral_consequence_generation,Hindi-rq4-long_id_21_MJI_Responsibilities-a,Hindi,0.62446052
Llama-3.1-8B exact calibration,unimoral_consequence_generation,Hindi-rq4-long_id_21_MJI_Responsibilities-b,Hindi,0.61618549
Llama-3.1-8B exact calibration,unimoral_consequence_generation,Hindi-rq4-long_id_22_MJI_Responsibilities-a,Hindi,0.65238464
Llama-3.1-8B exact calibration,unimoral_consequence_generation,Hindi-rq4-long_id_23_MJI_Responsibilities-b,Hindi,0.62749684
Llama-3.1-8B exact calibration,unimoral_consequence_generation,Hindi-rq4-long_id_24_MJI_Responsibilities-a,Hindi,0.65744919
Llama-3.1-8B exact calibration,unimoral_consequence_generation,Hindi-rq4-long_id_24_MJI_Responsibilities-b,Hindi,0.59558278
Llama-3.1-8B exact calibration,unimoral_consequence_generation,Hindi-rq4-long_id_25_MJI_Responsibilities-b,Hindi,0.62135661
Llama-3.1-8B exact calibration,unimoral_consequence_generation,Hindi-rq4-long_id_26_MJI_Responsibilities-a,Hindi,0.6620785
Llama-3.1-8B exact calibration,unimoral_consequence_generation,Hindi-rq4-long_id_27_MJI_Responsibilities-b,Hindi,0.64798647
Llama-3.1-8B exact calibration,unimoral_consequence_generation,Hindi-rq4-long_id_28_MJI_Relationships-b,Hindi,0.61287338
Llama-3.1-8B exact calibration,unimoral_consequence_generation,Hindi-rq4-long_id_29_MJI_Relationships-a,Hindi,0.62443978
Llama-3.1-8B exact calibration,unimoral_consequence_generation,Hindi-rq4-long_id_2_MJI_Emotions-a,Hindi,0.64208466
Llama-3.1-8B exact calibration,unimoral_consequence_generation,Hindi-rq4-long_id_30_MJI_Relationships-a,Hindi,0.69975352
Llama-3.1-8B exact calibration,unimoral_consequence_generation,Hindi-rq4-long_id_30_MJI_Relationships-b,Hindi,0.57879603
Llama-3.1-8B exact calibration,unimoral_consequence_generation,Hindi-rq4-long_id_31_MJI_Relationships-a,Hindi,0.64256483
Llama-3.1-8B exact calibration,unimoral_consequence_generation,Hindi-rq4-long_id_31_MJI_Relationships-b,Hindi,0.55290961
Llama-3.1-8B exact calibration,unimoral_consequence_generation,Hindi-rq4-long_id_32_MJI_Relationships-a,Hindi,0.63378519
Llama-3.1-8B exact calibration,unimoral_consequence_generation,Hindi-rq4-long_id_32_MJI_Relationships-b,Hindi,0.54155099
Llama-3.1-8B exact calibration,unimoral_consequence_generation,Hindi-rq4-long_id_33_MJI_Relationships-a,Hindi,0.62460172
Llama-3.1-8B exact calibration,unimoral_consequence_generation,Hindi-rq4-long_id_33_MJI_Relationships-b,Hindi,0.61139262
Llama-3.1-8B exact calibration,unimoral_consequence_generation,Hindi-rq4-long_id_34_MJI_Relationships-b,Hindi,0.66726822
Llama-3.1-8B exact calibration,unimoral_consequence_generation,Hindi-rq4-long_id_35_MJI_Legality-a,Hindi,0.62393922
Llama-3.1-8B exact calibration,unimoral_consequence_generation,Hindi-rq4-long_id_36_MJI_Legality-a,Hindi,0.64578539
Llama-3.1-8B exact calibration,unimoral_consequence_generation,Hindi-rq4-long_id_36_MJI_Legality-b,Hindi,0.62549341
Llama-3.1-8B exact calibration,unimoral_consequence_generation,Hindi-rq4-long_id_37_MJI_Legality-a,Hindi,0.69854796
Llama-3.1-8B exact calibration,unimoral_consequence_generation,Hindi-rq4-long_id_37_MJI_Legality-b,Hindi,0.58547771
Llama-3.1-8B exact calibration,unimoral_consequence_generation,Hindi-rq4-long_id_38_MJI_Legality-a,Hindi,0.56431055
Llama-3.1-8B exact calibration,unimoral_consequence_generation,Hindi-rq4-long_id_39_MJI_Legality-a,Hindi,0.58897924
Llama-3.1-8B exact calibration,unimoral_consequence_generation,Hindi-rq4-long_id_39_MJI_Legality-b,Hindi,0.63699973
Llama-3.1-8B exact calibration,unimoral_consequence_generation,Hindi-rq4-long_id_3_MJI_Emotions-a,Hindi,0.65099114
Llama-3.1-8B exact calibration,unimoral_consequence_generation,Hindi-rq4-long_id_40_MJI_Legality-a,Hindi,0.61996746
Llama-3.1-8B exact calibration,unimoral_consequence_generation,Hindi-rq4-long_id_40_MJI_Legality-b,Hindi,0.64437455
Llama-3.1-8B exact calibration,unimoral_consequence_generation,Hindi-rq4-long_id_41_MJI_Legality-a,Hindi,0.65967596
Llama-3.1-8B exact calibration,unimoral_consequence_generation,Hindi-rq4-long_id_42_MJI_Rules-a,Hindi,0.67508888
Llama-3.1-8B exact calibration,unimoral_consequence_generation,Hindi-rq4-long_id_43_MJI_Rules-a,Hindi,0.62482524
Llama-3.1-8B exact calibration,unimoral_consequence_generation,Hindi-rq4-long_id_43_MJI_Rules-b,Hindi,0.64999586
Llama-3.1-8B exact calibration,unimoral_consequence_generation,Hindi-rq4-long_id_44_MJI_Rules-b,Hindi,0.65118521
Llama-3.1-8B exact calibration,unimoral_consequence_generation,Hindi-rq4-long_id_45_MJI_Rules-b,Hindi,0.6096949
Llama-3.1-8B exact calibration,unimoral_consequence_generation,Hindi-rq4-long_id_46_MJI_Rules-a,Hindi,0.65867478
Llama-3.1-8B exact calibration,unimoral_consequence_generation,Hindi-rq4-long_id_46_MJI_Rules-b,Hindi,0.57385522
Llama-3.1-8B exact calibration,unimoral_consequence_generation,Hindi-rq4-long_id_47_MJI_Rules-a,Hindi,0.64597338
Llama-3.1-8B exact calibration,unimoral_consequence_generation,Hindi-rq4-long_id_47_MJI_Rules-b,Hindi,0.59578514
Llama-3.1-8B exact calibration,unimoral_consequence_generation,Hindi-rq4-long_id_48_MJI_Rules-a,Hindi,0.7548576
Llama-3.1-8B exact calibration,unimoral_consequence_generation,Hindi-rq4-long_id_49_MJI_Politeness-a,Hindi,0.55397117
Llama-3.1-8B exact calibration,unimoral_consequence_generation,Hindi-rq4-long_id_49_MJI_Politeness-b,Hindi,0.64534479
Llama-3.1-8B exact calibration,unimoral_consequence_generation,Hindi-rq4-long_id_4_MJI_Emotions-a,Hindi,0.56182641
Llama-3.1-8B exact calibration,unimoral_consequence_generation,Hindi-rq4-long_id_50_MJI_Politeness-a,Hindi,0.6486488
Llama-3.1-8B exact calibration,unimoral_consequence_generation,Hindi-rq4-long_id_50_MJI_Politeness-b,Hindi,0.64901018
Llama-3.1-8B exact calibration,unimoral_consequence_generation,Hindi-rq4-long_id_51_MJI_Politeness-b,Hindi,0.57926708
Llama-3.1-8B exact calibration,unimoral_consequence_generation,Hindi-rq4-long_id_52_MJI_Politeness-b,Hindi,0.62553328
Llama-3.1-8B exact calibration,unimoral_consequence_generation,Hindi-rq4-long_id_53_MJI_Politeness-a,Hindi,0.70683718
Llama-3.1-8B exact calibration,unimoral_consequence_generation,Hindi-rq4-long_id_53_MJI_Politeness-b,Hindi,0.57410634
Llama-3.1-8B exact calibration,unimoral_consequence_generation,Hindi-rq4-long_id_54_MJI_Politeness-a,Hindi,0.64581603
Llama-3.1-8B exact calibration,unimoral_consequence_generation,Hindi-rq4-long_id_54_MJI_Politeness-b,Hindi,0.55019683
Llama-3.1-8B exact calibration,unimoral_consequence_generation,Hindi-rq4-long_id_55_MJI_Politeness-b,Hindi,0.62042892
Llama-3.1-8B exact calibration,unimoral_consequence_generation,Hindi-rq4-long_id_56_MJI_Sacred Values-a,Hindi,0.59892386
Llama-3.1-8B exact calibration,unimoral_consequence_generation,Hindi-rq4-long_id_57_MJI_Sacred Values-a,Hindi,0.60824323
Llama-3.1-8B exact calibration,unimoral_consequence_generation,Hindi-rq4-long_id_58_MJI_Sacred Values-a,Hindi,0.64277387
Llama-3.1-8B exact calibration,unimoral_consequence_generation,Hindi-rq4-long_id_59_MJI_Sacred Values-a,Hindi,0.6187523
Llama-3.1-8B exact calibration,unimoral_consequence_generation,Hindi-rq4-long_id_59_MJI_Sacred Values-b,Hindi,0.60177034
Llama-3.1-8B exact calibration,unimoral_consequence_generation,Hindi-rq4-long_id_5_MJI_Emotions-a,Hindi,0.62817276
Llama-3.1-8B exact calibration,unimoral_consequence_generation,Hindi-rq4-long_id_5_MJI_Emotions-b,Hindi,0.52181345
Llama-3.1-8B exact calibration,unimoral_consequence_generation,Hindi-rq4-long_id_60_MJI_Sacred Values-a,Hindi,0.67105162
Llama-3.1-8B exact calibration,unimoral_consequence_generation,Hindi-rq4-long_id_61_MJI_Sacred Values-a,Hindi,0.64674097
Llama-3.1-8B exact calibration,unimoral_consequence_generation,Hindi-rq4-long_id_61_MJI_Sacred Values-b,Hindi,0.61186868
Llama-3.1-8B exact calibration,unimoral_consequence_generation,Hindi-rq4-long_id_62_MJI_Sacred Values-a,Hindi,0.57598531
Llama-3.1-8B exact calibration,unimoral_consequence_generation,Hindi-rq4-long_id_62_MJI_Sacred Values-b,Hindi,0.60983258
Llama-3.1-8B exact calibration,unimoral_consequence_generation,Hindi-rq4-long_id_63_DIT_Emotions-a,Hindi,0.64019996
Llama-3.1-8B exact calibration,unimoral_consequence_generation,Hindi-rq4-long_id_63_DIT_Emotions-b,Hindi,0.59479165
Llama-3.1-8B exact calibration,unimoral_consequence_generation,Hindi-rq4-long_id_64_DIT_Emotions-a,Hindi,0.68242586
Llama-3.1-8B exact calibration,unimoral_consequence_generation,Hindi-rq4-long_id_64_DIT_Emotions-b,Hindi,0.67951888
Llama-3.1-8B exact calibration,unimoral_consequence_generation,Hindi-rq4-long_id_65_DIT_Emotions-b,Hindi,0.63985753
Llama-3.1-8B exact calibration,unimoral_consequence_generation,Hindi-rq4-long_id_66_DIT_Emotions-a,Hindi,0.59204835
Llama-3.1-8B exact calibration,unimoral_consequence_generation,Hindi-rq4-long_id_66_DIT_Emotions-b,Hindi,0.57325679
Llama-3.1-8B exact calibration,unimoral_consequence_generation,Hindi-rq4-long_id_67_DIT_Emotions-b,Hindi,0.66566479
Llama-3.1-8B exact calibration,unimoral_consequence_generation,Hindi-rq4-long_id_68_DIT_Emotions-b,Hindi,0.66162384
Llama-3.1-8B exact calibration,unimoral_consequence_generation,Hindi-rq4-long_id_69_DIT_Moral-b,Hindi,0.57895887
Llama-3.1-8B exact calibration,unimoral_consequence_generation,Hindi-rq4-long_id_6_MJI_Emotions-a,Hindi,0.66476566
Llama-3.1-8B exact calibration,unimoral_consequence_generation,Hindi-rq4-long_id_6_MJI_Emotions-b,Hindi,0.60776353
Llama-3.1-8B exact calibration,unimoral_consequence_generation,Hindi-rq4-long_id_70_DIT_Moral-a,Hindi,0.60650647
Llama-3.1-8B exact calibration,unimoral_consequence_generation,Hindi-rq4-long_id_70_DIT_Moral-b,Hindi,0.58787131
Llama-3.1-8B exact calibration,unimoral_consequence_generation,Hindi-rq4-long_id_71_DIT_Moral-a,Hindi,0.63114518
Llama-3.1-8B exact calibration,unimoral_consequence_generation,Hindi-rq4-long_id_71_DIT_Moral-b,Hindi,0.55908263
Llama-3.1-8B exact calibration,unimoral_consequence_generation,Hindi-rq4-long_id_72_DIT_Moral-b,Hindi,0.5925523
Llama-3.1-8B exact calibration,unimoral_consequence_generation,Hindi-rq4-long_id_73_DIT_Moral-a,Hindi,0.59078717
Llama-3.1-8B exact calibration,unimoral_consequence_generation,Hindi-rq4-long_id_73_DIT_Moral-b,Hindi,0.63775569
Llama-3.1-8B exact calibration,unimoral_consequence_generation,Hindi-rq4-long_id_74_DIT_Moral-a,Hindi,0.65703195
Llama-3.1-8B exact calibration,unimoral_consequence_generation,Hindi-rq4-long_id_75_DIT_Culture-a,Hindi,0.64161569
Llama-3.1-8B exact calibration,unimoral_consequence_generation,Hindi-rq4-long_id_75_DIT_Culture-b,Hindi,0.65014464
Llama-3.1-8B exact calibration,unimoral_consequence_generation,Hindi-rq4-long_id_76_DIT_Culture-a,Hindi,0.69852757
Llama-3.1-8B exact calibration,unimoral_consequence_generation,Hindi-rq4-long_id_76_DIT_Culture-b,Hindi,0.58418036
Llama-3.1-8B exact calibration,unimoral_consequence_generation,Hindi-rq4-long_id_77_DIT_Culture-a,Hindi,0.62838572
Llama-3.1-8B exact calibration,unimoral_consequence_generation,Hindi-rq4-long_id_77_DIT_Culture-b,Hindi,0.66922694
Llama-3.1-8B exact calibration,unimoral_consequence_generation,Hindi-rq4-long_id_78_DIT_Culture-a,Hindi,0.61202639
Llama-3.1-8B exact calibration,unimoral_consequence_generation,Hindi-rq4-long_id_79_DIT_Culture-a,Hindi,0.61127251
Llama-3.1-8B exact calibration,unimoral_consequence_generation,Hindi-rq4-long_id_79_DIT_Culture-b,Hindi,0.60144186
Llama-3.1-8B exact calibration,unimoral_consequence_generation,Hindi-rq4-long_id_7_MJI_Moral-a,Hindi,0.63385326
Llama-3.1-8B exact calibration,unimoral_consequence_generation,Hindi-rq4-long_id_7_MJI_Moral-b,Hindi,0.63961434
Llama-3.1-8B exact calibration,unimoral_consequence_generation,Hindi-rq4-long_id_80_DIT_Culture-b,Hindi,0.63727558
Llama-3.1-8B exact calibration,unimoral_consequence_generation,Hindi-rq4-long_id_81_DIT_Responsibilities-a,Hindi,0.6287604
Llama-3.1-8B exact calibration,unimoral_consequence_generation,Hindi-rq4-long_id_82_DIT_Responsibilities-a,Hindi,0.60104948
Llama-3.1-8B exact calibration,unimoral_consequence_generation,Hindi-rq4-long_id_82_DIT_Responsibilities-b,Hindi,0.59334934
Llama-3.1-8B exact calibration,unimoral_consequence_generation,Hindi-rq4-long_id_83_DIT_Responsibilities-b,Hindi,0.71312571
Llama-3.1-8B exact calibration,unimoral_consequence_generation,Hindi-rq4-long_id_84_DIT_Responsibilities-a,Hindi,0.56922048
Llama-3.1-8B exact calibration,unimoral_consequence_generation,Hindi-rq4-long_id_84_DIT_Responsibilities-b,Hindi,0.64169991
Llama-3.1-8B exact calibration,unimoral_consequence_generation,Hindi-rq4-long_id_85_DIT_Responsibilities-a,Hindi,0.6773833
Llama-3.1-8B exact calibration,unimoral_consequence_generation,Hindi-rq4-long_id_86_DIT_Responsibilities-a,Hindi,0.65968663
Llama-3.1-8B exact calibration,unimoral_consequence_generation,Hindi-rq4-long_id_86_DIT_Responsibilities-b,Hindi,0.61891675
Llama-3.1-8B exact calibration,unimoral_consequence_generation,Hindi-rq4-long_id_87_DIT_Relationships-a,Hindi,0.65132821
Llama-3.1-8B exact calibration,unimoral_consequence_generation,Hindi-rq4-long_id_88_DIT_Relationships-a,Hindi,0.48558667
Llama-3.1-8B exact calibration,unimoral_consequence_generation,Hindi-rq4-long_id_88_DIT_Relationships-b,Hindi,0.59999174
Llama-3.1-8B exact calibration,unimoral_consequence_generation,Hindi-rq4-long_id_89_DIT_Relationships-a,Hindi,0.67530721
Llama-3.1-8B exact calibration,unimoral_consequence_generation,Hindi-rq4-long_id_8_MJI_Moral-a,Hindi,0.74257088
Llama-3.1-8B exact calibration,unimoral_consequence_generation,Hindi-rq4-long_id_8_MJI_Moral-b,Hindi,0.65810353
Llama-3.1-8B exact calibration,unimoral_consequence_generation,Hindi-rq4-long_id_90_DIT_Relationships-a,Hindi,0.6690796
Llama-3.1-8B exact calibration,unimoral_consequence_generation,Hindi-rq4-long_id_90_DIT_Relationships-b,Hindi,0.56638354
Llama-3.1-8B exact calibration,unimoral_consequence_generation,Hindi-rq4-long_id_91_DIT_Relationships-a,Hindi,0.52222711
Llama-3.1-8B exact calibration,unimoral_consequence_generation,Hindi-rq4-long_id_91_DIT_Relationships-b,Hindi,0.64196664
Llama-3.1-8B exact calibration,unimoral_consequence_generation,Hindi-rq4-long_id_92_DIT_Relationships-b,Hindi,0.57878977
Llama-3.1-8B exact calibration,unimoral_consequence_generation,Hindi-rq4-long_id_93_DIT_Legality-b,Hindi,0.64030176
Llama-3.1-8B exact calibration,unimoral_consequence_generation,Hindi-rq4-long_id_94_DIT_Legality-a,Hindi,0.66314316
Llama-3.1-8B exact calibration,unimoral_consequence_generation,Hindi-rq4-long_id_95_DIT_Legality-a,Hindi,0.62583035
Llama-3.1-8B exact calibration,unimoral_consequence_generation,Hindi-rq4-long_id_96_DIT_Legality-a,Hindi,0.61834681
Llama-3.1-8B exact calibration,unimoral_consequence_generation,Hindi-rq4-long_id_97_DIT_Legality-a,Hindi,0.59273851
Llama-3.1-8B exact calibration,unimoral_consequence_generation,Hindi-rq4-long_id_97_DIT_Legality-b,Hindi,0.5994519
Llama-3.1-8B exact calibration,unimoral_consequence_generation,Hindi-rq4-long_id_98_DIT_Legality-a,Hindi,0.64090043
Llama-3.1-8B exact calibration,unimoral_consequence_generation,Hindi-rq4-long_id_98_DIT_Legality-b,Hindi,0.61966723
Llama-3.1-8B exact calibration,unimoral_consequence_generation,Hindi-rq4-long_id_99_DIT_Rules-a,Hindi,0.67294908
Llama-3.1-8B exact calibration,unimoral_consequence_generation,Hindi-rq4-long_id_99_DIT_Rules-b,Hindi,0.61680061
Llama-3.1-8B exact calibration,unimoral_consequence_generation,Hindi-rq4-long_id_9_MJI_Moral-a,Hindi,0.61939806
Llama-3.1-8B exact calibration,unimoral_consequence_generation,Hindi-rq4-long_id_9_MJI_Moral-b,Hindi,0.69139737
Llama-3.1-8B exact calibration,unimoral_consequence_generation,Russian-rq4-Reddit_id_1-a,Russian,0.53636426
Llama-3.1-8B exact calibration,unimoral_consequence_generation,Russian-rq4-Reddit_id_1-b,Russian,0.59629291
Llama-3.1-8B exact calibration,unimoral_consequence_generation,Russian-rq4-Reddit_id_10-b,Russian,0.57637811
Llama-3.1-8B exact calibration,unimoral_consequence_generation,Russian-rq4-Reddit_id_11-a,Russian,0.59836435
Llama-3.1-8B exact calibration,unimoral_consequence_generation,Russian-rq4-Reddit_id_11-b,Russian,0.55847925
Llama-3.1-8B exact calibration,unimoral_consequence_generation,Russian-rq4-Reddit_id_12-a,Russian,0.54021508
Llama-3.1-8B exact calibration,unimoral_consequence_generation,Russian-rq4-Reddit_id_12-b,Russian,0.59902775
Llama-3.1-8B exact calibration,unimoral_consequence_generation,Russian-rq4-Reddit_id_13-a,Russian,0.59206557
Llama-3.1-8B exact calibration,unimoral_consequence_generation,Russian-rq4-Reddit_id_14-a,Russian,0.65553135
Llama-3.1-8B exact calibration,unimoral_consequence_generation,Russian-rq4-Reddit_id_14-b,Russian,0.59586334
Llama-3.1-8B exact calibration,unimoral_consequence_generation,Russian-rq4-Reddit_id_15-a,Russian,0.64549005
Llama-3.1-8B exact calibration,unimoral_consequence_generation,Russian-rq4-Reddit_id_16-b,Russian,0.57062846
Llama-3.1-8B exact calibration,unimoral_consequence_generation,Russian-rq4-Reddit_id_17-a,Russian,0.61272448
Llama-3.1-8B exact calibration,unimoral_consequence_generation,Russian-rq4-Reddit_id_18-b,Russian,0.606839
Llama-3.1-8B exact calibration,unimoral_consequence_generation,Russian-rq4-Reddit_id_19-b,Russian,0.59350663
Llama-3.1-8B exact calibration,unimoral_consequence_generation,Russian-rq4-Reddit_id_2-a,Russian,0.59479511
Llama-3.1-8B exact calibration,unimoral_consequence_generation,Russian-rq4-Reddit_id_20-b,Russian,0.59352028
Llama-3.1-8B exact calibration,unimoral_consequence_generation,Russian-rq4-Reddit_id_21-a,Russian,0.61537015
Llama-3.1-8B exact calibration,unimoral_consequence_generation,Russian-rq4-Reddit_id_21-b,Russian,0.53587639
Llama-3.1-8B exact calibration,unimoral_consequence_generation,Russian-rq4-Reddit_id_22-b,Russian,0.58426225
Llama-3.1-8B exact calibration,unimoral_consequence_generation,Russian-rq4-Reddit_id_23-a,Russian,0.52187771
Llama-3.1-8B exact calibration,unimoral_consequence_generation,Russian-rq4-Reddit_id_24-a,Russian,0.66898352
Llama-3.1-8B exact calibration,unimoral_consequence_generation,Russian-rq4-Reddit_id_24-b,Russian,0.55806994
Llama-3.1-8B exact calibration,unimoral_consequence_generation,Russian-rq4-Reddit_id_25-a,Russian,0.5981555
Llama-3.1-8B exact calibration,unimoral_consequence_generation,Russian-rq4-Reddit_id_25-b,Russian,0.63025588
Llama-3.1-8B exact calibration,unimoral_consequence_generation,Russian-rq4-Reddit_id_26-a,Russian,0.61663496
Llama-3.1-8B exact calibration,unimoral_consequence_generation,Russian-rq4-Reddit_id_27-a,Russian,0.57365865
Llama-3.1-8B exact calibration,unimoral_consequence_generation,Russian-rq4-Reddit_id_27-b,Russian,0.56548864
Llama-3.1-8B exact calibration,unimoral_consequence_generation,Russian-rq4-Reddit_id_28-a,Russian,0.58682889
Llama-3.1-8B exact calibration,unimoral_consequence_generation,Russian-rq4-Reddit_id_29-b,Russian,0.61597657
Llama-3.1-8B exact calibration,unimoral_consequence_generation,Russian-rq4-Reddit_id_3-a,Russian,0.59256053
Llama-3.1-8B exact calibration,unimoral_consequence_generation,Russian-rq4-Reddit_id_3-b,Russian,0.68001187
Llama-3.1-8B exact calibration,unimoral_consequence_generation,Russian-rq4-Reddit_id_30-a,Russian,0.59039927
Llama-3.1-8B exact calibration,unimoral_consequence_generation,Russian-rq4-Reddit_id_31-a,Russian,0.64053255
Llama-3.1-8B exact calibration,unimoral_consequence_generation,Russian-rq4-Reddit_id_31-b,Russian,0.55386722
Llama-3.1-8B exact calibration,unimoral_consequence_generation,Russian-rq4-Reddit_id_32-a,Russian,0.60450894
Llama-3.1-8B exact calibration,unimoral_consequence_generation,Russian-rq4-Reddit_id_32-b,Russian,0.61112869
Llama-3.1-8B exact calibration,unimoral_consequence_generation,Russian-rq4-Reddit_id_33-a,Russian,0.60513413
Llama-3.1-8B exact calibration,unimoral_consequence_generation,Russian-rq4-Reddit_id_34-a,Russian,0.50204366
Llama-3.1-8B exact calibration,unimoral_consequence_generation,Russian-rq4-Reddit_id_35-a,Russian,0.54053414
Llama-3.1-8B exact calibration,unimoral_consequence_generation,Russian-rq4-Reddit_id_35-b,Russian,0.62932044
Llama-3.1-8B exact calibration,unimoral_consequence_generation,Russian-rq4-Reddit_id_36-a,Russian,0.595415
Llama-3.1-8B exact calibration,unimoral_consequence_generation,Russian-rq4-Reddit_id_36-b,Russian,0.59070587
Llama-3.1-8B exact calibration,unimoral_consequence_generation,Russian-rq4-Reddit_id_37-a,Russian,0.63282865
Llama-3.1-8B exact calibration,unimoral_consequence_generation,Russian-rq4-Reddit_id_37-b,Russian,0.64603847
Llama-3.1-8B exact calibration,unimoral_consequence_generation,Russian-rq4-Reddit_id_38-a,Russian,0.57707059
Llama-3.1-8B exact calibration,unimoral_consequence_generation,Russian-rq4-Reddit_id_38-b,Russian,0.56481981
Llama-3.1-8B exact calibration,unimoral_consequence_generation,Russian-rq4-Reddit_id_39-a,Russian,0.56723869
Llama-3.1-8B exact calibration,unimoral_consequence_generation,Russian-rq4-Reddit_id_39-b,Russian,0.56788814
Llama-3.1-8B exact calibration,unimoral_consequence_generation,Russian-rq4-Reddit_id_4-a,Russian,0.60227352
Llama-3.1-8B exact calibration,unimoral_consequence_generation,Russian-rq4-Reddit_id_4-b,Russian,0.57774723
Llama-3.1-8B exact calibration,unimoral_consequence_generation,Russian-rq4-Reddit_id_40-a,Russian,0.55014849
Llama-3.1-8B exact calibration,unimoral_consequence_generation,Russian-rq4-Reddit_id_40-b,Russian,0.5621599
Llama-3.1-8B exact calibration,unimoral_consequence_generation,Russian-rq4-Reddit_id_41-a,Russian,0.57439584
Llama-3.1-8B exact calibration,unimoral_consequence_generation,Russian-rq4-Reddit_id_41-b,Russian,0.61133528
Llama-3.1-8B exact calibration,unimoral_consequence_generation,Russian-rq4-Reddit_id_42-a,Russian,0.61669046
Llama-3.1-8B exact calibration,unimoral_consequence_generation,Russian-rq4-Reddit_id_43-a,Russian,0.58522785
Llama-3.1-8B exact calibration,unimoral_consequence_generation,Russian-rq4-Reddit_id_44-a,Russian,0.61315584
Llama-3.1-8B exact calibration,unimoral_consequence_generation,Russian-rq4-Reddit_id_45-a,Russian,0.59833956
Llama-3.1-8B exact calibration,unimoral_consequence_generation,Russian-rq4-Reddit_id_45-b,Russian,0.57633907
Llama-3.1-8B exact calibration,unimoral_consequence_generation,Russian-rq4-Reddit_id_46-a,Russian,0.65282029
Llama-3.1-8B exact calibration,unimoral_consequence_generation,Russian-rq4-Reddit_id_46-b,Russian,0.56144744
Llama-3.1-8B exact calibration,unimoral_consequence_generation,Russian-rq4-Reddit_id_47-a,Russian,0.59950644
Llama-3.1-8B exact calibration,unimoral_consequence_generation,Russian-rq4-Reddit_id_47-b,Russian,0.55975974
Llama-3.1-8B exact calibration,unimoral_consequence_generation,Russian-rq4-Reddit_id_48-a,Russian,0.57550824
Llama-3.1-8B exact calibration,unimoral_consequence_generation,Russian-rq4-Reddit_id_48-b,Russian,0.56309712
Llama-3.1-8B exact calibration,unimoral_consequence_generation,Russian-rq4-Reddit_id_49-a,Russian,0.60884625
Llama-3.1-8B exact calibration,unimoral_consequence_generation,Russian-rq4-Reddit_id_49-b,Russian,0.58874416
Llama-3.1-8B exact calibration,unimoral_consequence_generation,Russian-rq4-Reddit_id_5-b,Russian,0.56975925
Llama-3.1-8B exact calibration,unimoral_consequence_generation,Russian-rq4-Reddit_id_50-a,Russian,0.61703277
Llama-3.1-8B exact calibration,unimoral_consequence_generation,Russian-rq4-Reddit_id_6-a,Russian,0.55792814
Llama-3.1-8B exact calibration,unimoral_consequence_generation,Russian-rq4-Reddit_id_6-b,Russian,0.59132642
Llama-3.1-8B exact calibration,unimoral_consequence_generation,Russian-rq4-Reddit_id_7-b,Russian,0.6244489
Llama-3.1-8B exact calibration,unimoral_consequence_generation,Russian-rq4-Reddit_id_8-b,Russian,0.57998329
Llama-3.1-8B exact calibration,unimoral_consequence_generation,Russian-rq4-Reddit_id_9-a,Russian,0.60301316
Llama-3.1-8B exact calibration,unimoral_consequence_generation,Russian-rq4-Reddit_id_9-b,Russian,0.55000597
Llama-3.1-8B exact calibration,unimoral_consequence_generation,Russian-rq4-long_id_0_MJI_Emotions-a,Russian,0.55260247
Llama-3.1-8B exact calibration,unimoral_consequence_generation,Russian-rq4-long_id_0_MJI_Emotions-b,Russian,0.57671368
Llama-3.1-8B exact calibration,unimoral_consequence_generation,Russian-rq4-long_id_100_DIT_Rules-a,Russian,0.58273268
Llama-3.1-8B exact calibration,unimoral_consequence_generation,Russian-rq4-long_id_100_DIT_Rules-b,Russian,0.57603502
Llama-3.1-8B exact calibration,unimoral_consequence_generation,Russian-rq4-long_id_101_DIT_Rules-a,Russian,0.60074025
Llama-3.1-8B exact calibration,unimoral_consequence_generation,Russian-rq4-long_id_101_DIT_Rules-b,Russian,0.60075563
Llama-3.1-8B exact calibration,unimoral_consequence_generation,Russian-rq4-long_id_102_DIT_Rules-a,Russian,0.63686776
Llama-3.1-8B exact calibration,unimoral_consequence_generation,Russian-rq4-long_id_103_DIT_Rules-a,Russian,0.56649482
Llama-3.1-8B exact calibration,unimoral_consequence_generation,Russian-rq4-long_id_103_DIT_Rules-b,Russian,0.54869854
Llama-3.1-8B exact calibration,unimoral_consequence_generation,Russian-rq4-long_id_104_DIT_Rules-a,Russian,0.57068759
Llama-3.1-8B exact calibration,unimoral_consequence_generation,Russian-rq4-long_id_105_DIT_Politeness-a,Russian,0.60583502
Llama-3.1-8B exact calibration,unimoral_consequence_generation,Russian-rq4-long_id_105_DIT_Politeness-b,Russian,0.60442412
Llama-3.1-8B exact calibration,unimoral_consequence_generation,Russian-rq4-long_id_106_DIT_Politeness-a,Russian,0.59226137
Llama-3.1-8B exact calibration,unimoral_consequence_generation,Russian-rq4-long_id_106_DIT_Politeness-b,Russian,0.56245852
Llama-3.1-8B exact calibration,unimoral_consequence_generation,Russian-rq4-long_id_107_DIT_Politeness-a,Russian,0.5683744
Llama-3.1-8B exact calibration,unimoral_consequence_generation,Russian-rq4-long_id_108_DIT_Politeness-a,Russian,0.58281881
Llama-3.1-8B exact calibration,unimoral_consequence_generation,Russian-rq4-long_id_109_DIT_Politeness-a,Russian,0.61956376
Llama-3.1-8B exact calibration,unimoral_consequence_generation,Russian-rq4-long_id_109_DIT_Politeness-b,Russian,0.56637317
Llama-3.1-8B exact calibration,unimoral_consequence_generation,Russian-rq4-long_id_10_MJI_Moral-a,Russian,0.63203031
Llama-3.1-8B exact calibration,unimoral_consequence_generation,Russian-rq4-long_id_110_DIT_Politeness-a,Russian,0.56801438
Llama-3.1-8B exact calibration,unimoral_consequence_generation,Russian-rq4-long_id_111_DIT_Sacred Values-a,Russian,0.65682781
Llama-3.1-8B exact calibration,unimoral_consequence_generation,Russian-rq4-long_id_111_DIT_Sacred Values-b,Russian,0.62445587
Llama-3.1-8B exact calibration,unimoral_consequence_generation,Russian-rq4-long_id_112_DIT_Sacred Values-b,Russian,0.61766726
Llama-3.1-8B exact calibration,unimoral_consequence_generation,Russian-rq4-long_id_113_DIT_Sacred Values-b,Russian,0.64101028
Llama-3.1-8B exact calibration,unimoral_consequence_generation,Russian-rq4-long_id_114_DIT_Sacred Values-a,Russian,0.62299824
Llama-3.1-8B exact calibration,unimoral_consequence_generation,Russian-rq4-long_id_115_DIT_Sacred Values-a,Russian,0.59572732
Llama-3.1-8B exact calibration,unimoral_consequence_generation,Russian-rq4-long_id_115_DIT_Sacred Values-b,Russian,0.58306974
Llama-3.1-8B exact calibration,unimoral_consequence_generation,Russian-rq4-long_id_116_DIT_Sacred Values-a,Russian,0.59644181
Llama-3.1-8B exact calibration,unimoral_consequence_generation,Russian-rq4-long_id_117_MCT_Emotions-a,Russian,0.65122479
Llama-3.1-8B exact calibration,unimoral_consequence_generation,Russian-rq4-long_id_118_MCT_Emotions-a,Russian,0.58121228
Llama-3.1-8B exact calibration,unimoral_consequence_generation,Russian-rq4-long_id_118_MCT_Emotions-b,Russian,0.56285512
Llama-3.1-8B exact calibration,unimoral_consequence_generation,Russian-rq4-long_id_119_MCT_Emotions-b,Russian,0.61794508
Llama-3.1-8B exact calibration,unimoral_consequence_generation,Russian-rq4-long_id_11_MJI_Moral-a,Russian,0.59158182
Llama-3.1-8B exact calibration,unimoral_consequence_generation,Russian-rq4-long_id_120_MCT_Moral-a,Russian,0.63526326
Llama-3.1-8B exact calibration,unimoral_consequence_generation,Russian-rq4-long_id_121_MCT_Moral-a,Russian,0.60513866
Llama-3.1-8B exact calibration,unimoral_consequence_generation,Russian-rq4-long_id_121_MCT_Moral-b,Russian,0.543598
Llama-3.1-8B exact calibration,unimoral_consequence_generation,Russian-rq4-long_id_122_MCT_Moral-a,Russian,0.65182644
Llama-3.1-8B exact calibration,unimoral_consequence_generation,Russian-rq4-long_id_123_MCT_Culture-a,Russian,0.60538429
Llama-3.1-8B exact calibration,unimoral_consequence_generation,Russian-rq4-long_id_123_MCT_Culture-b,Russian,0.58055902
Llama-3.1-8B exact calibration,unimoral_consequence_generation,Russian-rq4-long_id_124_MCT_Culture-a,Russian,0.60809016
Llama-3.1-8B exact calibration,unimoral_consequence_generation,Russian-rq4-long_id_124_MCT_Culture-b,Russian,0.59440118
Llama-3.1-8B exact calibration,unimoral_consequence_generation,Russian-rq4-long_id_125_MCT_Culture-b,Russian,0.62084323
Llama-3.1-8B exact calibration,unimoral_consequence_generation,Russian-rq4-long_id_126_MCT_Responsibilities-a,Russian,0.55952013
Llama-3.1-8B exact calibration,unimoral_consequence_generation,Russian-rq4-long_id_126_MCT_Responsibilities-b,Russian,0.57776856
Llama-3.1-8B exact calibration,unimoral_consequence_generation,Russian-rq4-long_id_127_MCT_Responsibilities-b,Russian,0.63764673
Llama-3.1-8B exact calibration,unimoral_consequence_generation,Russian-rq4-long_id_128_MCT_Responsibilities-a,Russian,0.66534448
Llama-3.1-8B exact calibration,unimoral_consequence_generation,Russian-rq4-long_id_129_MCT_Relationships-b,Russian,0.60766661
Llama-3.1-8B exact calibration,unimoral_consequence_generation,Russian-rq4-long_id_12_MJI_Moral-a,Russian,0.54603153
Llama-3.1-8B exact calibration,unimoral_consequence_generation,Russian-rq4-long_id_12_MJI_Moral-b,Russian,0.6259582
Llama-3.1-8B exact calibration,unimoral_consequence_generation,Russian-rq4-long_id_130_MCT_Relationships-a,Russian,0.63811088
Llama-3.1-8B exact calibration,unimoral_consequence_generation,Russian-rq4-long_id_130_MCT_Relationships-b,Russian,0.57266712
Llama-3.1-8B exact calibration,unimoral_consequence_generation,Russian-rq4-long_id_131_MCT_Relationships-a,Russian,0.55957603
Llama-3.1-8B exact calibration,unimoral_consequence_generation,Russian-rq4-long_id_131_MCT_Relationships-b,Russian,0.59567356
Llama-3.1-8B exact calibration,unimoral_consequence_generation,Russian-rq4-long_id_132_MCT_Legality-a,Russian,0.55346739
Llama-3.1-8B exact calibration,unimoral_consequence_generation,Russian-rq4-long_id_132_MCT_Legality-b,Russian,0.55696964
Llama-3.1-8B exact calibration,unimoral_consequence_generation,Russian-rq4-long_id_133_MCT_Legality-b,Russian,0.59770256
Llama-3.1-8B exact calibration,unimoral_consequence_generation,Russian-rq4-long_id_134_MCT_Legality-b,Russian,0.65702242
Llama-3.1-8B exact calibration,unimoral_consequence_generation,Russian-rq4-long_id_135_MCT_Rules-a,Russian,0.57917702
Llama-3.1-8B exact calibration,unimoral_consequence_generation,Russian-rq4-long_id_136_MCT_Rules-a,Russian,0.56394577
Llama-3.1-8B exact calibration,unimoral_consequence_generation,Russian-rq4-long_id_136_MCT_Rules-b,Russian,0.570921
Llama-3.1-8B exact calibration,unimoral_consequence_generation,Russian-rq4-long_id_137_MCT_Rules-a,Russian,0.59655416
Llama-3.1-8B exact calibration,unimoral_consequence_generation,Russian-rq4-long_id_137_MCT_Rules-b,Russian,0.5955171
Llama-3.1-8B exact calibration,unimoral_consequence_generation,Russian-rq4-long_id_138_MCT_Politeness-a,Russian,0.66017061
Llama-3.1-8B exact calibration,unimoral_consequence_generation,Russian-rq4-long_id_139_MCT_Politeness-a,Russian,0.63015258
Llama-3.1-8B exact calibration,unimoral_consequence_generation,Russian-rq4-long_id_13_MJI_Moral-a,Russian,0.623438
Llama-3.1-8B exact calibration,unimoral_consequence_generation,Russian-rq4-long_id_140_MCT_Politeness-a,Russian,0.7197082
Llama-3.1-8B exact calibration,unimoral_consequence_generation,Russian-rq4-long_id_141_MCT_Sacred Values-a,Russian,0.62102592
Llama-3.1-8B exact calibration,unimoral_consequence_generation,Russian-rq4-long_id_141_MCT_Sacred Values-b,Russian,0.62820327
Llama-3.1-8B exact calibration,unimoral_consequence_generation,Russian-rq4-long_id_142_MCT_Sacred Values-a,Russian,0.65243948
Llama-3.1-8B exact calibration,unimoral_consequence_generation,Russian-rq4-long_id_142_MCT_Sacred Values-b,Russian,0.54420513
Llama-3.1-8B exact calibration,unimoral_consequence_generation,Russian-rq4-long_id_143_MCT_Sacred Values-a,Russian,0.59127909
Llama-3.1-8B exact calibration,unimoral_consequence_generation,Russian-rq4-long_id_14_MJI_Culture-a,Russian,0.63426715
Llama-3.1-8B exact calibration,unimoral_consequence_generation,Russian-rq4-long_id_14_MJI_Culture-b,Russian,0.62148076
Llama-3.1-8B exact calibration,unimoral_consequence_generation,Russian-rq4-long_id_15_MJI_Culture-a,Russian,0.59549385
Llama-3.1-8B exact calibration,unimoral_consequence_generation,Russian-rq4-long_id_15_MJI_Culture-b,Russian,0.55390185
Llama-3.1-8B exact calibration,unimoral_consequence_generation,Russian-rq4-long_id_16_MJI_Culture-a,Russian,0.57562506
Llama-3.1-8B exact calibration,unimoral_consequence_generation,Russian-rq4-long_id_16_MJI_Culture-b,Russian,0.61029404
Llama-3.1-8B exact calibration,unimoral_consequence_generation,Russian-rq4-long_id_17_MJI_Culture-a,Russian,0.62913293
Llama-3.1-8B exact calibration,unimoral_consequence_generation,Russian-rq4-long_id_18_MJI_Culture-a,Russian,0.63743407
Llama-3.1-8B exact calibration,unimoral_consequence_generation,Russian-rq4-long_id_19_MJI_Culture-b,Russian,0.62496376
Llama-3.1-8B exact calibration,unimoral_consequence_generation,Russian-rq4-long_id_1_MJI_Emotions-a,Russian,0.58495367
Llama-3.1-8B exact calibration,unimoral_consequence_generation,Russian-rq4-long_id_1_MJI_Emotions-b,Russian,0.60958099
Llama-3.1-8B exact calibration,unimoral_consequence_generation,Russian-rq4-long_id_20_MJI_Culture-b,Russian,0.63561922
Llama-3.1-8B exact calibration,unimoral_consequence_generation,Russian-rq4-long_id_21_MJI_Responsibilities-a,Russian,0.57219112
Llama-3.1-8B exact calibration,unimoral_consequence_generation,Russian-rq4-long_id_21_MJI_Responsibilities-b,Russian,0.53368402
Llama-3.1-8B exact calibration,unimoral_consequence_generation,Russian-rq4-long_id_22_MJI_Responsibilities-a,Russian,0.60142332
Llama-3.1-8B exact calibration,unimoral_consequence_generation,Russian-rq4-long_id_22_MJI_Responsibilities-b,Russian,0.56622398
Llama-3.1-8B exact calibration,unimoral_consequence_generation,Russian-rq4-long_id_23_MJI_Responsibilities-b,Russian,0.56891608
Llama-3.1-8B exact calibration,unimoral_consequence_generation,Russian-rq4-long_id_24_MJI_Responsibilities-a,Russian,0.60397208
Llama-3.1-8B exact calibration,unimoral_consequence_generation,Russian-rq4-long_id_24_MJI_Responsibilities-b,Russian,0.58091795
Llama-3.1-8B exact calibration,unimoral_consequence_generation,Russian-rq4-long_id_25_MJI_Responsibilities-a,Russian,0.663454
Llama-3.1-8B exact calibration,unimoral_consequence_generation,Russian-rq4-long_id_25_MJI_Responsibilities-b,Russian,0.62659216
Llama-3.1-8B exact calibration,unimoral_consequence_generation,Russian-rq4-long_id_26_MJI_Responsibilities-a,Russian,0.6196624
Llama-3.1-8B exact calibration,unimoral_consequence_generation,Russian-rq4-long_id_27_MJI_Responsibilities-b,Russian,0.66785961
Llama-3.1-8B exact calibration,unimoral_consequence_generation,Russian-rq4-long_id_28_MJI_Relationships-b,Russian,0.65274227
Llama-3.1-8B exact calibration,unimoral_consequence_generation,Russian-rq4-long_id_29_MJI_Relationships-a,Russian,0.62000769
Llama-3.1-8B exact calibration,unimoral_consequence_generation,Russian-rq4-long_id_29_MJI_Relationships-b,Russian,0.6129998
Llama-3.1-8B exact calibration,unimoral_consequence_generation,Russian-rq4-long_id_2_MJI_Emotions-a,Russian,0.58723623
Llama-3.1-8B exact calibration,unimoral_consequence_generation,Russian-rq4-long_id_2_MJI_Emotions-b,Russian,0.56789309
Llama-3.1-8B exact calibration,unimoral_consequence_generation,Russian-rq4-long_id_30_MJI_Relationships-a,Russian,0.68536729
Llama-3.1-8B exact calibration,unimoral_consequence_generation,Russian-rq4-long_id_30_MJI_Relationships-b,Russian,0.5929718
Llama-3.1-8B exact calibration,unimoral_consequence_generation,Russian-rq4-long_id_31_MJI_Relationships-a,Russian,0.67650408
Llama-3.1-8B exact calibration,unimoral_consequence_generation,Russian-rq4-long_id_31_MJI_Relationships-b,Russian,0.59122735
Llama-3.1-8B exact calibration,unimoral_consequence_generation,Russian-rq4-long_id_32_MJI_Relationships-a,Russian,0.5999521
Llama-3.1-8B exact calibration,unimoral_consequence_generation,Russian-rq4-long_id_32_MJI_Relationships-b,Russian,0.55332184
Llama-3.1-8B exact calibration,unimoral_consequence_generation,Russian-rq4-long_id_33_MJI_Relationships-a,Russian,0.58491427
Llama-3.1-8B exact calibration,unimoral_consequence_generation,Russian-rq4-long_id_33_MJI_Relationships-b,Russian,0.73883289
Llama-3.1-8B exact calibration,unimoral_consequence_generation,Russian-rq4-long_id_34_MJI_Relationships-b,Russian,0.70596844
Llama-3.1-8B exact calibration,unimoral_consequence_generation,Russian-rq4-long_id_35_MJI_Legality-a,Russian,0.59349799
Llama-3.1-8B exact calibration,unimoral_consequence_generation,Russian-rq4-long_id_36_MJI_Legality-a,Russian,0.58067822
Llama-3.1-8B exact calibration,unimoral_consequence_generation,Russian-rq4-long_id_37_MJI_Legality-a,Russian,0.53776979
Llama-3.1-8B exact calibration,unimoral_consequence_generation,Russian-rq4-long_id_37_MJI_Legality-b,Russian,0.54730803
Llama-3.1-8B exact calibration,unimoral_consequence_generation,Russian-rq4-long_id_38_MJI_Legality-a,Russian,0.66430044
Llama-3.1-8B exact calibration,unimoral_consequence_generation,Russian-rq4-long_id_39_MJI_Legality-a,Russian,0.54356903
Llama-3.1-8B exact calibration,unimoral_consequence_generation,Russian-rq4-long_id_39_MJI_Legality-b,Russian,0.57461637
Llama-3.1-8B exact calibration,unimoral_consequence_generation,Russian-rq4-long_id_3_MJI_Emotions-a,Russian,0.61567146
Llama-3.1-8B exact calibration,unimoral_consequence_generation,Russian-rq4-long_id_3_MJI_Emotions-b,Russian,0.56541783
Llama-3.1-8B exact calibration,unimoral_consequence_generation,Russian-rq4-long_id_40_MJI_Legality-a,Russian,0.58035642
Llama-3.1-8B exact calibration,unimoral_consequence_generation,Russian-rq4-long_id_40_MJI_Legality-b,Russian,0.59984928
Llama-3.1-8B exact calibration,unimoral_consequence_generation,Russian-rq4-long_id_41_MJI_Legality-a,Russian,0.625449
Llama-3.1-8B exact calibration,unimoral_consequence_generation,Russian-rq4-long_id_41_MJI_Legality-b,Russian,0.58209926
Llama-3.1-8B exact calibration,unimoral_consequence_generation,Russian-rq4-long_id_42_MJI_Rules-a,Russian,0.57346874
Llama-3.1-8B exact calibration,unimoral_consequence_generation,Russian-rq4-long_id_42_MJI_Rules-b,Russian,0.55904847
Llama-3.1-8B exact calibration,unimoral_consequence_generation,Russian-rq4-long_id_43_MJI_Rules-a,Russian,0.63622683
Llama-3.1-8B exact calibration,unimoral_consequence_generation,Russian-rq4-long_id_44_MJI_Rules-b,Russian,0.61502749
Llama-3.1-8B exact calibration,unimoral_consequence_generation,Russian-rq4-long_id_45_MJI_Rules-b,Russian,0.60873824
Llama-3.1-8B exact calibration,unimoral_consequence_generation,Russian-rq4-long_id_46_MJI_Rules-a,Russian,0.74381095
Llama-3.1-8B exact calibration,unimoral_consequence_generation,Russian-rq4-long_id_46_MJI_Rules-b,Russian,0.66502917
Llama-3.1-8B exact calibration,unimoral_consequence_generation,Russian-rq4-long_id_47_MJI_Rules-a,Russian,0.58507842
Llama-3.1-8B exact calibration,unimoral_consequence_generation,Russian-rq4-long_id_47_MJI_Rules-b,Russian,0.60567379
Llama-3.1-8B exact calibration,unimoral_consequence_generation,Russian-rq4-long_id_48_MJI_Rules-a,Russian,0.62757754
Llama-3.1-8B exact calibration,unimoral_consequence_generation,Russian-rq4-long_id_49_MJI_Politeness-b,Russian,0.6047681
Llama-3.1-8B exact calibration,unimoral_consequence_generation,Russian-rq4-long_id_4_MJI_Emotions-a,Russian,0.63044351
Llama-3.1-8B exact calibration,unimoral_consequence_generation,Russian-rq4-long_id_50_MJI_Politeness-a,Russian,0.62545776
Llama-3.1-8B exact calibration,unimoral_consequence_generation,Russian-rq4-long_id_51_MJI_Politeness-a,Russian,0.53855944
Llama-3.1-8B exact calibration,unimoral_consequence_generation,Russian-rq4-long_id_51_MJI_Politeness-b,Russian,0.58164471
Llama-3.1-8B exact calibration,unimoral_consequence_generation,Russian-rq4-long_id_52_MJI_Politeness-b,Russian,0.58468699
Llama-3.1-8B exact calibration,unimoral_consequence_generation,Russian-rq4-long_id_53_MJI_Politeness-a,Russian,0.6144439
Llama-3.1-8B exact calibration,unimoral_consequence_generation,Russian-rq4-long_id_54_MJI_Politeness-a,Russian,0.58458126
Llama-3.1-8B exact calibration,unimoral_consequence_generation,Russian-rq4-long_id_54_MJI_Politeness-b,Russian,0.62219435
Llama-3.1-8B exact calibration,unimoral_consequence_generation,Russian-rq4-long_id_55_MJI_Politeness-a,Russian,0.60521811
Llama-3.1-8B exact calibration,unimoral_consequence_generation,Russian-rq4-long_id_55_MJI_Politeness-b,Russian,0.57322812
Llama-3.1-8B exact calibration,unimoral_consequence_generation,Russian-rq4-long_id_56_MJI_Sacred Values-a,Russian,0.61109817
Llama-3.1-8B exact calibration,unimoral_consequence_generation,Russian-rq4-long_id_56_MJI_Sacred Values-b,Russian,0.57232141
Llama-3.1-8B exact calibration,unimoral_consequence_generation,Russian-rq4-long_id_57_MJI_Sacred Values-a,Russian,0.62173682
Llama-3.1-8B exact calibration,unimoral_consequence_generation,Russian-rq4-long_id_57_MJI_Sacred Values-b,Russian,0.57576376
Llama-3.1-8B exact calibration,unimoral_consequence_generation,Russian-rq4-long_id_58_MJI_Sacred Values-a,Russian,0.60544777
Llama-3.1-8B exact calibration,unimoral_consequence_generation,Russian-rq4-long_id_58_MJI_Sacred Values-b,Russian,0.60755461
Llama-3.1-8B exact calibration,unimoral_consequence_generation,Russian-rq4-long_id_59_MJI_Sacred Values-a,Russian,0.64709264
Llama-3.1-8B exact calibration,unimoral_consequence_generation,Russian-rq4-long_id_59_MJI_Sacred Values-b,Russian,0.56783533
Llama-3.1-8B exact calibration,unimoral_consequence_generation,Russian-rq4-long_id_5_MJI_Emotions-a,Russian,0.61708987
Llama-3.1-8B exact calibration,unimoral_consequence_generation,Russian-rq4-long_id_5_MJI_Emotions-b,Russian,0.57871336
Llama-3.1-8B exact calibration,unimoral_consequence_generation,Russian-rq4-long_id_60_MJI_Sacred Values-a,Russian,0.65654302
Llama-3.1-8B exact calibration,unimoral_consequence_generation,Russian-rq4-long_id_60_MJI_Sacred Values-b,Russian,0.65441442
Llama-3.1-8B exact calibration,unimoral_consequence_generation,Russian-rq4-long_id_61_MJI_Sacred Values-a,Russian,0.56782544
Llama-3.1-8B exact calibration,unimoral_consequence_generation,Russian-rq4-long_id_61_MJI_Sacred Values-b,Russian,0.58050191
Llama-3.1-8B exact calibration,unimoral_consequence_generation,Russian-rq4-long_id_62_MJI_Sacred Values-b,Russian,0.55597305
Llama-3.1-8B exact calibration,unimoral_consequence_generation,Russian-rq4-long_id_63_DIT_Emotions-a,Russian,0.64840114
Llama-3.1-8B exact calibration,unimoral_consequence_generation,Russian-rq4-long_id_63_DIT_Emotions-b,Russian,0.61205232
Llama-3.1-8B exact calibration,unimoral_consequence_generation,Russian-rq4-long_id_64_DIT_Emotions-a,Russian,0.65502709
Llama-3.1-8B exact calibration,unimoral_consequence_generation,Russian-rq4-long_id_64_DIT_Emotions-b,Russian,0.60202241
Llama-3.1-8B exact calibration,unimoral_consequence_generation,Russian-rq4-long_id_65_DIT_Emotions-a,Russian,0.54397792
Llama-3.1-8B exact calibration,unimoral_consequence_generation,Russian-rq4-long_id_65_DIT_Emotions-b,Russian,0.60406148
Llama-3.1-8B exact calibration,unimoral_consequence_generation,Russian-rq4-long_id_66_DIT_Emotions-a,Russian,0.5884732
Llama-3.1-8B exact calibration,unimoral_consequence_generation,Russian-rq4-long_id_66_DIT_Emotions-b,Russian,0.55198246
Llama-3.1-8B exact calibration,unimoral_consequence_generation,Russian-rq4-long_id_67_DIT_Emotions-b,Russian,0.58139074
Llama-3.1-8B exact calibration,unimoral_consequence_generation,Russian-rq4-long_id_68_DIT_Emotions-b,Russian,0.60702348
Llama-3.1-8B exact calibration,unimoral_consequence_generation,Russian-rq4-long_id_69_DIT_Moral-a,Russian,0.55079043
Llama-3.1-8B exact calibration,unimoral_consequence_generation,Russian-rq4-long_id_69_DIT_Moral-b,Russian,0.71393442
Llama-3.1-8B exact calibration,unimoral_consequence_generation,Russian-rq4-long_id_6_MJI_Emotions-b,Russian,0.60557395
Llama-3.1-8B exact calibration,unimoral_consequence_generation,Russian-rq4-long_id_70_DIT_Moral-a,Russian,0.55199927
Llama-3.1-8B exact calibration,unimoral_consequence_generation,Russian-rq4-long_id_70_DIT_Moral-b,Russian,0.56442171
Llama-3.1-8B exact calibration,unimoral_consequence_generation,Russian-rq4-long_id_71_DIT_Moral-a,Russian,0.61726004
Llama-3.1-8B exact calibration,unimoral_consequence_generation,Russian-rq4-long_id_72_DIT_Moral-a,Russian,0.55740136
Llama-3.1-8B exact calibration,unimoral_consequence_generation,Russian-rq4-long_id_72_DIT_Moral-b,Russian,0.59914184
Llama-3.1-8B exact calibration,unimoral_consequence_generation,Russian-rq4-long_id_73_DIT_Moral-a,Russian,0.56153452
Llama-3.1-8B exact calibration,unimoral_consequence_generation,Russian-rq4-long_id_74_DIT_Moral-a,Russian,0.6923424
Llama-3.1-8B exact calibration,unimoral_consequence_generation,Russian-rq4-long_id_74_DIT_Moral-b,Russian,0.59939194
Llama-3.1-8B exact calibration,unimoral_consequence_generation,Russian-rq4-long_id_75_DIT_Culture-a,Russian,0.58624029
Llama-3.1-8B exact calibration,unimoral_consequence_generation,Russian-rq4-long_id_75_DIT_Culture-b,Russian,0.60495585
Llama-3.1-8B exact calibration,unimoral_consequence_generation,Russian-rq4-long_id_76_DIT_Culture-a,Russian,0.61654717
Llama-3.1-8B exact calibration,unimoral_consequence_generation,Russian-rq4-long_id_76_DIT_Culture-b,Russian,0.54070789
Llama-3.1-8B exact calibration,unimoral_consequence_generation,Russian-rq4-long_id_77_DIT_Culture-a,Russian,0.56398964
Llama-3.1-8B exact calibration,unimoral_consequence_generation,Russian-rq4-long_id_77_DIT_Culture-b,Russian,0.54411519
Llama-3.1-8B exact calibration,unimoral_consequence_generation,Russian-rq4-long_id_78_DIT_Culture-a,Russian,0.60777217
Llama-3.1-8B exact calibration,unimoral_consequence_generation,Russian-rq4-long_id_79_DIT_Culture-b,Russian,0.62403727
Llama-3.1-8B exact calibration,unimoral_consequence_generation,Russian-rq4-long_id_7_MJI_Moral-b,Russian,0.62376356
Llama-3.1-8B exact calibration,unimoral_consequence_generation,Russian-rq4-long_id_80_DIT_Culture-b,Russian,0.70230997
Llama-3.1-8B exact calibration,unimoral_consequence_generation,Russian-rq4-long_id_81_DIT_Responsibilities-a,Russian,0.58652449
Llama-3.1-8B exact calibration,unimoral_consequence_generation,Russian-rq4-long_id_82_DIT_Responsibilities-a,Russian,0.56827712
Llama-3.1-8B exact calibration,unimoral_consequence_generation,Russian-rq4-long_id_82_DIT_Responsibilities-b,Russian,0.59911668
Llama-3.1-8B exact calibration,unimoral_consequence_generation,Russian-rq4-long_id_83_DIT_Responsibilities-a,Russian,0.59871119
Llama-3.1-8B exact calibration,unimoral_consequence_generation,Russian-rq4-long_id_83_DIT_Responsibilities-b,Russian,0.59777188
Llama-3.1-8B exact calibration,unimoral_consequence_generation,Russian-rq4-long_id_84_DIT_Responsibilities-a,Russian,0.62615722
Llama-3.1-8B exact calibration,unimoral_consequence_generation,Russian-rq4-long_id_85_DIT_Responsibilities-a,Russian,0.63859552
Llama-3.1-8B exact calibration,unimoral_consequence_generation,Russian-rq4-long_id_85_DIT_Responsibilities-b,Russian,0.59899062
Llama-3.1-8B exact calibration,unimoral_consequence_generation,Russian-rq4-long_id_86_DIT_Responsibilities-a,Russian,0.62370449
Llama-3.1-8B exact calibration,unimoral_consequence_generation,Russian-rq4-long_id_86_DIT_Responsibilities-b,Russian,0.64390725
Llama-3.1-8B exact calibration,unimoral_consequence_generation,Russian-rq4-long_id_87_DIT_Relationships-a,Russian,0.62910229
Llama-3.1-8B exact calibration,unimoral_consequence_generation,Russian-rq4-long_id_88_DIT_Relationships-a,Russian,0.58107388
Llama-3.1-8B exact calibration,unimoral_consequence_generation,Russian-rq4-long_id_88_DIT_Relationships-b,Russian,0.56631732
Llama-3.1-8B exact calibration,unimoral_consequence_generation,Russian-rq4-long_id_89_DIT_Relationships-a,Russian,0.58429796
Llama-3.1-8B exact calibration,unimoral_consequence_generation,Russian-rq4-long_id_8_MJI_Moral-a,Russian,0.56898302
Llama-3.1-8B exact calibration,unimoral_consequence_generation,Russian-rq4-long_id_8_MJI_Moral-b,Russian,0.55182272
Llama-3.1-8B exact calibration,unimoral_consequence_generation,Russian-rq4-long_id_90_DIT_Relationships-a,Russian,0.70884448
Llama-3.1-8B exact calibration,unimoral_consequence_generation,Russian-rq4-long_id_91_DIT_Relationships-b,Russian,0.64900029
Llama-3.1-8B exact calibration,unimoral_consequence_generation,Russian-rq4-long_id_92_DIT_Relationships-a,Russian,0.59173656
Llama-3.1-8B exact calibration,unimoral_consequence_generation,Russian-rq4-long_id_92_DIT_Relationships-b,Russian,0.58005351
Llama-3.1-8B exact calibration,unimoral_consequence_generation,Russian-rq4-long_id_93_DIT_Legality-b,Russian,0.60071719
Llama-3.1-8B exact calibration,unimoral_consequence_generation,Russian-rq4-long_id_94_DIT_Legality-a,Russian,0.5861268
Llama-3.1-8B exact calibration,unimoral_consequence_generation,Russian-rq4-long_id_95_DIT_Legality-a,Russian,0.58960074
Llama-3.1-8B exact calibration,unimoral_consequence_generation,Russian-rq4-long_id_96_DIT_Legality-a,Russian,0.65245074
Llama-3.1-8B exact calibration,unimoral_consequence_generation,Russian-rq4-long_id_96_DIT_Legality-b,Russian,0.52006555
Llama-3.1-8B exact calibration,unimoral_consequence_generation,Russian-rq4-long_id_97_DIT_Legality-a,Russian,0.57319337
Llama-3.1-8B exact calibration,unimoral_consequence_generation,Russian-rq4-long_id_97_DIT_Legality-b,Russian,0.58539987
Llama-3.1-8B exact calibration,unimoral_consequence_generation,Russian-rq4-long_id_98_DIT_Legality-a,Russian,0.60955262
Llama-3.1-8B exact calibration,unimoral_consequence_generation,Russian-rq4-long_id_98_DIT_Legality-b,Russian,0.62947971
Llama-3.1-8B exact calibration,unimoral_consequence_generation,Russian-rq4-long_id_99_DIT_Rules-a,Russian,0.58902949
Llama-3.1-8B exact calibration,unimoral_consequence_generation,Russian-rq4-long_id_9_MJI_Moral-b,Russian,0.73467571
Llama-3.1-8B exact calibration,unimoral_consequence_generation,Spanish-rq4-Reddit_id_1-a,Spanish,0.63983643
Llama-3.1-8B exact calibration,unimoral_consequence_generation,Spanish-rq4-Reddit_id_1-b,Spanish,0.59081429
Llama-3.1-8B exact calibration,unimoral_consequence_generation,Spanish-rq4-Reddit_id_10-b,Spanish,0.62854224
Llama-3.1-8B exact calibration,unimoral_consequence_generation,Spanish-rq4-Reddit_id_11-a,Spanish,0.60385126
Llama-3.1-8B exact calibration,unimoral_consequence_generation,Spanish-rq4-Reddit_id_11-b,Spanish,0.62359762
Llama-3.1-8B exact calibration,unimoral_consequence_generation,Spanish-rq4-Reddit_id_12-b,Spanish,0.63951564
Llama-3.1-8B exact calibration,unimoral_consequence_generation,Spanish-rq4-Reddit_id_13-a,Spanish,0.59074378
Llama-3.1-8B exact calibration,unimoral_consequence_generation,Spanish-rq4-Reddit_id_14-a,Spanish,0.65595412
Llama-3.1-8B exact calibration,unimoral_consequence_generation,Spanish-rq4-Reddit_id_14-b,Spanish,0.5826059
Llama-3.1-8B exact calibration,unimoral_consequence_generation,Spanish-rq4-Reddit_id_15-a,Spanish,0.61541772
Llama-3.1-8B exact calibration,unimoral_consequence_generation,Spanish-rq4-Reddit_id_16-b,Spanish,0.62518072
Llama-3.1-8B exact calibration,unimoral_consequence_generation,Spanish-rq4-Reddit_id_17-a,Spanish,0.61712176
Llama-3.1-8B exact calibration,unimoral_consequence_generation,Spanish-rq4-Reddit_id_17-b,Spanish,0.62060809
Llama-3.1-8B exact calibration,unimoral_consequence_generation,Spanish-rq4-Reddit_id_18-b,Spanish,0.62243783
Llama-3.1-8B exact calibration,unimoral_consequence_generation,Spanish-rq4-Reddit_id_19-b,Spanish,0.58856636
Llama-3.1-8B exact calibration,unimoral_consequence_generation,Spanish-rq4-Reddit_id_2-a,Spanish,0.6374644
Llama-3.1-8B exact calibration,unimoral_consequence_generation,Spanish-rq4-Reddit_id_20-a,Spanish,0.61776364
Llama-3.1-8B exact calibration,unimoral_consequence_generation,Spanish-rq4-Reddit_id_20-b,Spanish,0.62131721
Llama-3.1-8B exact calibration,unimoral_consequence_generation,Spanish-rq4-Reddit_id_21-a,Spanish,0.64419067
Llama-3.1-8B exact calibration,unimoral_consequence_generation,Spanish-rq4-Reddit_id_21-b,Spanish,0.58717924
Llama-3.1-8B exact calibration,unimoral_consequence_generation,Spanish-rq4-Reddit_id_22-b,Spanish,0.63372713
Llama-3.1-8B exact calibration,unimoral_consequence_generation,Spanish-rq4-Reddit_id_23-a,Spanish,0.5830884
Llama-3.1-8B exact calibration,unimoral_consequence_generation,Spanish-rq4-Reddit_id_23-b,Spanish,0.65433705
Llama-3.1-8B exact calibration,unimoral_consequence_generation,Spanish-rq4-Reddit_id_24-a,Spanish,0.63197607
Llama-3.1-8B exact calibration,unimoral_consequence_generation,Spanish-rq4-Reddit_id_24-b,Spanish,0.61245757
Llama-3.1-8B exact calibration,unimoral_consequence_generation,Spanish-rq4-Reddit_id_25-a,Spanish,0.61697674
Llama-3.1-8B exact calibration,unimoral_consequence_generation,Spanish-rq4-Reddit_id_25-b,Spanish,0.57402682
Llama-3.1-8B exact calibration,unimoral_consequence_generation,Spanish-rq4-Reddit_id_26-a,Spanish,0.62823159
Llama-3.1-8B exact calibration,unimoral_consequence_generation,Spanish-rq4-Reddit_id_26-b,Spanish,0.57462442
Llama-3.1-8B exact calibration,unimoral_consequence_generation,Spanish-rq4-Reddit_id_27-a,Spanish,0.66849089
Llama-3.1-8B exact calibration,unimoral_consequence_generation,Spanish-rq4-Reddit_id_28-a,Spanish,0.62615961
Llama-3.1-8B exact calibration,unimoral_consequence_generation,Spanish-rq4-Reddit_id_29-a,Spanish,0.61121601
Llama-3.1-8B exact calibration,unimoral_consequence_generation,Spanish-rq4-Reddit_id_29-b,Spanish,0.58394545
Llama-3.1-8B exact calibration,unimoral_consequence_generation,Spanish-rq4-Reddit_id_3-a,Spanish,0.6280753
Llama-3.1-8B exact calibration,unimoral_consequence_generation,Spanish-rq4-Reddit_id_3-b,Spanish,0.64106196
Llama-3.1-8B exact calibration,unimoral_consequence_generation,Spanish-rq4-Reddit_id_30-a,Spanish,0.61192679
Llama-3.1-8B exact calibration,unimoral_consequence_generation,Spanish-rq4-Reddit_id_30-b,Spanish,0.5788936
Llama-3.1-8B exact calibration,unimoral_consequence_generation,Spanish-rq4-Reddit_id_31-a,Spanish,0.59104681
Llama-3.1-8B exact calibration,unimoral_consequence_generation,Spanish-rq4-Reddit_id_31-b,Spanish,0.65774953
Llama-3.1-8B exact calibration,unimoral_consequence_generation,Spanish-rq4-Reddit_id_32-a,Spanish,0.68073988
Llama-3.1-8B exact calibration,unimoral_consequence_generation,Spanish-rq4-Reddit_id_32-b,Spanish,0.63155729
Llama-3.1-8B exact calibration,unimoral_consequence_generation,Spanish-rq4-Reddit_id_33-a,Spanish,0.63854235
Llama-3.1-8B exact calibration,unimoral_consequence_generation,Spanish-rq4-Reddit_id_34-a,Spanish,0.62247175
Llama-3.1-8B exact calibration,unimoral_consequence_generation,Spanish-rq4-Reddit_id_35-a,Spanish,0.58833492
Llama-3.1-8B exact calibration,unimoral_consequence_generation,Spanish-rq4-Reddit_id_36-a,Spanish,0.60970598
Llama-3.1-8B exact calibration,unimoral_consequence_generation,Spanish-rq4-Reddit_id_37-b,Spanish,0.63723296
Llama-3.1-8B exact calibration,unimoral_consequence_generation,Spanish-rq4-Reddit_id_38-a,Spanish,0.5963791
Llama-3.1-8B exact calibration,unimoral_consequence_generation,Spanish-rq4-Reddit_id_39-a,Spanish,0.59214538
Llama-3.1-8B exact calibration,unimoral_consequence_generation,Spanish-rq4-Reddit_id_4-b,Spanish,0.64034754
Llama-3.1-8B exact calibration,unimoral_consequence_generation,Spanish-rq4-Reddit_id_40-a,Spanish,0.61085922
Llama-3.1-8B exact calibration,unimoral_consequence_generation,Spanish-rq4-Reddit_id_40-b,Spanish,0.60149544
Llama-3.1-8B exact calibration,unimoral_consequence_generation,Spanish-rq4-Reddit_id_41-a,Spanish,0.60642087
Llama-3.1-8B exact calibration,unimoral_consequence_generation,Spanish-rq4-Reddit_id_42-a,Spanish,0.63908476
Llama-3.1-8B exact calibration,unimoral_consequence_generation,Spanish-rq4-Reddit_id_43-a,Spanish,0.63223469
Llama-3.1-8B exact calibration,unimoral_consequence_generation,Spanish-rq4-Reddit_id_44-a,Spanish,0.60303396
Llama-3.1-8B exact calibration,unimoral_consequence_generation,Spanish-rq4-Reddit_id_44-b,Spanish,0.6143105
Llama-3.1-8B exact calibration,unimoral_consequence_generation,Spanish-rq4-Reddit_id_45-a,Spanish,0.59862518
Llama-3.1-8B exact calibration,unimoral_consequence_generation,Spanish-rq4-Reddit_id_46-a,Spanish,0.69373304
Llama-3.1-8B exact calibration,unimoral_consequence_generation,Spanish-rq4-Reddit_id_46-b,Spanish,0.58784473
Llama-3.1-8B exact calibration,unimoral_consequence_generation,Spanish-rq4-Reddit_id_47-a,Spanish,0.61527848
Llama-3.1-8B exact calibration,unimoral_consequence_generation,Spanish-rq4-Reddit_id_48-a,Spanish,0.64650261
Llama-3.1-8B exact calibration,unimoral_consequence_generation,Spanish-rq4-Reddit_id_48-b,Spanish,0.61757785
Llama-3.1-8B exact calibration,unimoral_consequence_generation,Spanish-rq4-Reddit_id_49-a,Spanish,0.6311748
Llama-3.1-8B exact calibration,unimoral_consequence_generation,Spanish-rq4-Reddit_id_49-b,Spanish,0.53940398
Llama-3.1-8B exact calibration,unimoral_consequence_generation,Spanish-rq4-Reddit_id_5-a,Spanish,0.60013181
Llama-3.1-8B exact calibration,unimoral_consequence_generation,Spanish-rq4-Reddit_id_5-b,Spanish,0.71589327
Llama-3.1-8B exact calibration,unimoral_consequence_generation,Spanish-rq4-Reddit_id_50-b,Spanish,0.60272288
Llama-3.1-8B exact calibration,unimoral_consequence_generation,Spanish-rq4-Reddit_id_6-a,Spanish,0.64450574
Llama-3.1-8B exact calibration,unimoral_consequence_generation,Spanish-rq4-Reddit_id_6-b,Spanish,0.60026646
Llama-3.1-8B exact calibration,unimoral_consequence_generation,Spanish-rq4-Reddit_id_7-b,Spanish,0.62774169
Llama-3.1-8B exact calibration,unimoral_consequence_generation,Spanish-rq4-Reddit_id_8-b,Spanish,0.64179337
Llama-3.1-8B exact calibration,unimoral_consequence_generation,Spanish-rq4-Reddit_id_9-a,Spanish,0.6126821
Llama-3.1-8B exact calibration,unimoral_consequence_generation,Spanish-rq4-Reddit_id_9-b,Spanish,0.6203531
Llama-3.1-8B exact calibration,unimoral_consequence_generation,Spanish-rq4-long_id_0_MJI_Emotions-a,Spanish,0.61229223
Llama-3.1-8B exact calibration,unimoral_consequence_generation,Spanish-rq4-long_id_0_MJI_Emotions-b,Spanish,0.59766382
Llama-3.1-8B exact calibration,unimoral_consequence_generation,Spanish-rq4-long_id_100_DIT_Rules-a,Spanish,0.61115634
Llama-3.1-8B exact calibration,unimoral_consequence_generation,Spanish-rq4-long_id_100_DIT_Rules-b,Spanish,0.68159217
Llama-3.1-8B exact calibration,unimoral_consequence_generation,Spanish-rq4-long_id_101_DIT_Rules-a,Spanish,0.61297828
Llama-3.1-8B exact calibration,unimoral_consequence_generation,Spanish-rq4-long_id_101_DIT_Rules-b,Spanish,0.63808405
Llama-3.1-8B exact calibration,unimoral_consequence_generation,Spanish-rq4-long_id_102_DIT_Rules-a,Spanish,0.69417572
Llama-3.1-8B exact calibration,unimoral_consequence_generation,Spanish-rq4-long_id_103_DIT_Rules-a,Spanish,0.64691931
Llama-3.1-8B exact calibration,unimoral_consequence_generation,Spanish-rq4-long_id_103_DIT_Rules-b,Spanish,0.62945396
Llama-3.1-8B exact calibration,unimoral_consequence_generation,Spanish-rq4-long_id_104_DIT_Rules-a,Spanish,0.60114712
Llama-3.1-8B exact calibration,unimoral_consequence_generation,Spanish-rq4-long_id_104_DIT_Rules-b,Spanish,0.65161592
Llama-3.1-8B exact calibration,unimoral_consequence_generation,Spanish-rq4-long_id_105_DIT_Politeness-a,Spanish,0.61869013
Llama-3.1-8B exact calibration,unimoral_consequence_generation,Spanish-rq4-long_id_105_DIT_Politeness-b,Spanish,0.61034262
Llama-3.1-8B exact calibration,unimoral_consequence_generation,Spanish-rq4-long_id_106_DIT_Politeness-a,Spanish,0.61685729
Llama-3.1-8B exact calibration,unimoral_consequence_generation,Spanish-rq4-long_id_106_DIT_Politeness-b,Spanish,0.590141
Llama-3.1-8B exact calibration,unimoral_consequence_generation,Spanish-rq4-long_id_107_DIT_Politeness-a,Spanish,0.59258419
Llama-3.1-8B exact calibration,unimoral_consequence_generation,Spanish-rq4-long_id_108_DIT_Politeness-b,Spanish,0.6298117
Llama-3.1-8B exact calibration,unimoral_consequence_generation,Spanish-rq4-long_id_109_DIT_Politeness-b,Spanish,0.63037354
Llama-3.1-8B exact calibration,unimoral_consequence_generation,Spanish-rq4-long_id_10_MJI_Moral-a,Spanish,0.64124042
Llama-3.1-8B exact calibration,unimoral_consequence_generation,Spanish-rq4-long_id_10_MJI_Moral-b,Spanish,0.61979777
Llama-3.1-8B exact calibration,unimoral_consequence_generation,Spanish-rq4-long_id_110_DIT_Politeness-a,Spanish,0.61026448
Llama-3.1-8B exact calibration,unimoral_consequence_generation,Spanish-rq4-long_id_111_DIT_Sacred Values-b,Spanish,0.64714885
Llama-3.1-8B exact calibration,unimoral_consequence_generation,Spanish-rq4-long_id_112_DIT_Sacred Values-b,Spanish,0.61924011
Llama-3.1-8B exact calibration,unimoral_consequence_generation,Spanish-rq4-long_id_113_DIT_Sacred Values-b,Spanish,0.63264167
Llama-3.1-8B exact calibration,unimoral_consequence_generation,Spanish-rq4-long_id_114_DIT_Sacred Values-a,Spanish,0.59606862
Llama-3.1-8B exact calibration,unimoral_consequence_generation,Spanish-rq4-long_id_114_DIT_Sacred Values-b,Spanish,0.59635025
Llama-3.1-8B exact calibration,unimoral_consequence_generation,Spanish-rq4-long_id_115_DIT_Sacred Values-a,Spanish,0.62207544
Llama-3.1-8B exact calibration,unimoral_consequence_generation,Spanish-rq4-long_id_115_DIT_Sacred Values-b,Spanish,0.59165812
Llama-3.1-8B exact calibration,unimoral_consequence_generation,Spanish-rq4-long_id_116_DIT_Sacred Values-b,Spanish,0.63893223
Llama-3.1-8B exact calibration,unimoral_consequence_generation,Spanish-rq4-long_id_117_MCT_Emotions-b,Spanish,0.65437102
Llama-3.1-8B exact calibration,unimoral_consequence_generation,Spanish-rq4-long_id_118_MCT_Emotions-b,Spanish,0.65489537
Llama-3.1-8B exact calibration,unimoral_consequence_generation,Spanish-rq4-long_id_119_MCT_Emotions-b,Spanish,0.63207847
Llama-3.1-8B exact calibration,unimoral_consequence_generation,Spanish-rq4-long_id_11_MJI_Moral-a,Spanish,0.61807454
Llama-3.1-8B exact calibration,unimoral_consequence_generation,Spanish-rq4-long_id_120_MCT_Moral-a,Spanish,0.59985846
Llama-3.1-8B exact calibration,unimoral_consequence_generation,Spanish-rq4-long_id_121_MCT_Moral-a,Spanish,0.63091272
Llama-3.1-8B exact calibration,unimoral_consequence_generation,Spanish-rq4-long_id_122_MCT_Moral-a,Spanish,0.62235773
Llama-3.1-8B exact calibration,unimoral_consequence_generation,Spanish-rq4-long_id_123_MCT_Culture-a,Spanish,0.63685668
Llama-3.1-8B exact calibration,unimoral_consequence_generation,Spanish-rq4-long_id_123_MCT_Culture-b,Spanish,0.6171627
Llama-3.1-8B exact calibration,unimoral_consequence_generation,Spanish-rq4-long_id_124_MCT_Culture-a,Spanish,0.64111793
Llama-3.1-8B exact calibration,unimoral_consequence_generation,Spanish-rq4-long_id_124_MCT_Culture-b,Spanish,0.57955968
Llama-3.1-8B exact calibration,unimoral_consequence_generation,Spanish-rq4-long_id_125_MCT_Culture-b,Spanish,0.63744491
Llama-3.1-8B exact calibration,unimoral_consequence_generation,Spanish-rq4-long_id_126_MCT_Responsibilities-a,Spanish,0.66355532
Llama-3.1-8B exact calibration,unimoral_consequence_generation,Spanish-rq4-long_id_126_MCT_Responsibilities-b,Spanish,0.54774606
Llama-3.1-8B exact calibration,unimoral_consequence_generation,Spanish-rq4-long_id_127_MCT_Responsibilities-b,Spanish,0.58303612
Llama-3.1-8B exact calibration,unimoral_consequence_generation,Spanish-rq4-long_id_128_MCT_Responsibilities-a,Spanish,0.71494806
Llama-3.1-8B exact calibration,unimoral_consequence_generation,Spanish-rq4-long_id_129_MCT_Relationships-a,Spanish,0.62107617
Llama-3.1-8B exact calibration,unimoral_consequence_generation,Spanish-rq4-long_id_129_MCT_Relationships-b,Spanish,0.65519989
Llama-3.1-8B exact calibration,unimoral_consequence_generation,Spanish-rq4-long_id_12_MJI_Moral-a,Spanish,0.57725358
Llama-3.1-8B exact calibration,unimoral_consequence_generation,Spanish-rq4-long_id_12_MJI_Moral-b,Spanish,0.63829005
Llama-3.1-8B exact calibration,unimoral_consequence_generation,Spanish-rq4-long_id_130_MCT_Relationships-a,Spanish,0.59752667
Llama-3.1-8B exact calibration,unimoral_consequence_generation,Spanish-rq4-long_id_130_MCT_Relationships-b,Spanish,0.59425658
Llama-3.1-8B exact calibration,unimoral_consequence_generation,Spanish-rq4-long_id_131_MCT_Relationships-a,Spanish,0.58923852
Llama-3.1-8B exact calibration,unimoral_consequence_generation,Spanish-rq4-long_id_131_MCT_Relationships-b,Spanish,0.70321387
Llama-3.1-8B exact calibration,unimoral_consequence_generation,Spanish-rq4-long_id_132_MCT_Legality-a,Spanish,0.57062417
Llama-3.1-8B exact calibration,unimoral_consequence_generation,Spanish-rq4-long_id_132_MCT_Legality-b,Spanish,0.59944552
Llama-3.1-8B exact calibration,unimoral_consequence_generation,Spanish-rq4-long_id_133_MCT_Legality-a,Spanish,0.60770333
Llama-3.1-8B exact calibration,unimoral_consequence_generation,Spanish-rq4-long_id_133_MCT_Legality-b,Spanish,0.63424397
Llama-3.1-8B exact calibration,unimoral_consequence_generation,Spanish-rq4-long_id_134_MCT_Legality-b,Spanish,0.62649596
Llama-3.1-8B exact calibration,unimoral_consequence_generation,Spanish-rq4-long_id_135_MCT_Rules-a,Spanish,0.60325819
Llama-3.1-8B exact calibration,unimoral_consequence_generation,Spanish-rq4-long_id_136_MCT_Rules-b,Spanish,0.69854313
Llama-3.1-8B exact calibration,unimoral_consequence_generation,Spanish-rq4-long_id_137_MCT_Rules-a,Spanish,0.62852156
Llama-3.1-8B exact calibration,unimoral_consequence_generation,Spanish-rq4-long_id_137_MCT_Rules-b,Spanish,0.62335342
Llama-3.1-8B exact calibration,unimoral_consequence_generation,Spanish-rq4-long_id_138_MCT_Politeness-a,Spanish,0.65310335
Llama-3.1-8B exact calibration,unimoral_consequence_generation,Spanish-rq4-long_id_139_MCT_Politeness-b,Spanish,0.58363885
Llama-3.1-8B exact calibration,unimoral_consequence_generation,Spanish-rq4-long_id_13_MJI_Moral-a,Spanish,0.64284384
Llama-3.1-8B exact calibration,unimoral_consequence_generation,Spanish-rq4-long_id_140_MCT_Politeness-a,Spanish,0.64840007
Llama-3.1-8B exact calibration,unimoral_consequence_generation,Spanish-rq4-long_id_140_MCT_Politeness-b,Spanish,0.60509831
Llama-3.1-8B exact calibration,unimoral_consequence_generation,Spanish-rq4-long_id_141_MCT_Sacred Values-a,Spanish,0.58260655
Llama-3.1-8B exact calibration,unimoral_consequence_generation,Spanish-rq4-long_id_141_MCT_Sacred Values-b,Spanish,0.60137391
Llama-3.1-8B exact calibration,unimoral_consequence_generation,Spanish-rq4-long_id_142_MCT_Sacred Values-a,Spanish,0.6242345
Llama-3.1-8B exact calibration,unimoral_consequence_generation,Spanish-rq4-long_id_142_MCT_Sacred Values-b,Spanish,0.63690585
Llama-3.1-8B exact calibration,unimoral_consequence_generation,Spanish-rq4-long_id_143_MCT_Sacred Values-a,Spanish,0.6202755
Llama-3.1-8B exact calibration,unimoral_consequence_generation,Spanish-rq4-long_id_143_MCT_Sacred Values-b,Spanish,0.58998901
Llama-3.1-8B exact calibration,unimoral_consequence_generation,Spanish-rq4-long_id_14_MJI_Culture-a,Spanish,0.60594612
Llama-3.1-8B exact calibration,unimoral_consequence_generation,Spanish-rq4-long_id_14_MJI_Culture-b,Spanish,0.62897271
Llama-3.1-8B exact calibration,unimoral_consequence_generation,Spanish-rq4-long_id_15_MJI_Culture-a,Spanish,0.62304014
Llama-3.1-8B exact calibration,unimoral_consequence_generation,Spanish-rq4-long_id_16_MJI_Culture-a,Spanish,0.57983285
Llama-3.1-8B exact calibration,unimoral_consequence_generation,Spanish-rq4-long_id_16_MJI_Culture-b,Spanish,0.6166203
Llama-3.1-8B exact calibration,unimoral_consequence_generation,Spanish-rq4-long_id_17_MJI_Culture-a,Spanish,0.65052378
Llama-3.1-8B exact calibration,unimoral_consequence_generation,Spanish-rq4-long_id_18_MJI_Culture-a,Spanish,0.61808944
Llama-3.1-8B exact calibration,unimoral_consequence_generation,Spanish-rq4-long_id_18_MJI_Culture-b,Spanish,0.60206211
Llama-3.1-8B exact calibration,unimoral_consequence_generation,Spanish-rq4-long_id_19_MJI_Culture-a,Spanish,0.60607398
Llama-3.1-8B exact calibration,unimoral_consequence_generation,Spanish-rq4-long_id_19_MJI_Culture-b,Spanish,0.61620617
Llama-3.1-8B exact calibration,unimoral_consequence_generation,Spanish-rq4-long_id_1_MJI_Emotions-a,Spanish,0.60188401
Llama-3.1-8B exact calibration,unimoral_consequence_generation,Spanish-rq4-long_id_1_MJI_Emotions-b,Spanish,0.61465228
Llama-3.1-8B exact calibration,unimoral_consequence_generation,Spanish-rq4-long_id_20_MJI_Culture-b,Spanish,0.66796803
Llama-3.1-8B exact calibration,unimoral_consequence_generation,Spanish-rq4-long_id_21_MJI_Responsibilities-a,Spanish,0.64571732
Llama-3.1-8B exact calibration,unimoral_consequence_generation,Spanish-rq4-long_id_21_MJI_Responsibilities-b,Spanish,0.59456313
Llama-3.1-8B exact calibration,unimoral_consequence_generation,Spanish-rq4-long_id_22_MJI_Responsibilities-a,Spanish,0.58926052
Llama-3.1-8B exact calibration,unimoral_consequence_generation,Spanish-rq4-long_id_22_MJI_Responsibilities-b,Spanish,0.63732588
Llama-3.1-8B exact calibration,unimoral_consequence_generation,Spanish-rq4-long_id_23_MJI_Responsibilities-a,Spanish,0.65080172
Llama-3.1-8B exact calibration,unimoral_consequence_generation,Spanish-rq4-long_id_23_MJI_Responsibilities-b,Spanish,0.59050179
Llama-3.1-8B exact calibration,unimoral_consequence_generation,Spanish-rq4-long_id_24_MJI_Responsibilities-a,Spanish,0.62794012
Llama-3.1-8B exact calibration,unimoral_consequence_generation,Spanish-rq4-long_id_25_MJI_Responsibilities-a,Spanish,0.68210119
Llama-3.1-8B exact calibration,unimoral_consequence_generation,Spanish-rq4-long_id_25_MJI_Responsibilities-b,Spanish,0.63969004
Llama-3.1-8B exact calibration,unimoral_consequence_generation,Spanish-rq4-long_id_26_MJI_Responsibilities-a,Spanish,0.60318869
Llama-3.1-8B exact calibration,unimoral_consequence_generation,Spanish-rq4-long_id_27_MJI_Responsibilities-a,Spanish,0.63029402
Llama-3.1-8B exact calibration,unimoral_consequence_generation,Spanish-rq4-long_id_27_MJI_Responsibilities-b,Spanish,0.59686083
Llama-3.1-8B exact calibration,unimoral_consequence_generation,Spanish-rq4-long_id_28_MJI_Relationships-b,Spanish,0.66629314
Llama-3.1-8B exact calibration,unimoral_consequence_generation,Spanish-rq4-long_id_29_MJI_Relationships-a,Spanish,0.61402988
Llama-3.1-8B exact calibration,unimoral_consequence_generation,Spanish-rq4-long_id_29_MJI_Relationships-b,Spanish,0.63232964
Llama-3.1-8B exact calibration,unimoral_consequence_generation,Spanish-rq4-long_id_2_MJI_Emotions-a,Spanish,0.62444764
Llama-3.1-8B exact calibration,unimoral_consequence_generation,Spanish-rq4-long_id_30_MJI_Relationships-a,Spanish,0.57754058
Llama-3.1-8B exact calibration,unimoral_consequence_generation,Spanish-rq4-long_id_30_MJI_Relationships-b,Spanish,0.65048712
Llama-3.1-8B exact calibration,unimoral_consequence_generation,Spanish-rq4-long_id_31_MJI_Relationships-a,Spanish,0.62468976
Llama-3.1-8B exact calibration,unimoral_consequence_generation,Spanish-rq4-long_id_32_MJI_Relationships-a,Spanish,0.65968245
Llama-3.1-8B exact calibration,unimoral_consequence_generation,Spanish-rq4-long_id_33_MJI_Relationships-b,Spanish,0.69983143
Llama-3.1-8B exact calibration,unimoral_consequence_generation,Spanish-rq4-long_id_34_MJI_Relationships-b,Spanish,0.65662223
Llama-3.1-8B exact calibration,unimoral_consequence_generation,Spanish-rq4-long_id_35_MJI_Legality-a,Spanish,0.64566272
Llama-3.1-8B exact calibration,unimoral_consequence_generation,Spanish-rq4-long_id_35_MJI_Legality-b,Spanish,0.57430619
Llama-3.1-8B exact calibration,unimoral_consequence_generation,Spanish-rq4-long_id_36_MJI_Legality-b,Spanish,0.63577878
Llama-3.1-8B exact calibration,unimoral_consequence_generation,Spanish-rq4-long_id_37_MJI_Legality-a,Spanish,0.68783462
Llama-3.1-8B exact calibration,unimoral_consequence_generation,Spanish-rq4-long_id_38_MJI_Legality-a,Spanish,0.60631877
Llama-3.1-8B exact calibration,unimoral_consequence_generation,Spanish-rq4-long_id_39_MJI_Legality-a,Spanish,0.63467145
Llama-3.1-8B exact calibration,unimoral_consequence_generation,Spanish-rq4-long_id_39_MJI_Legality-b,Spanish,0.60588771
Llama-3.1-8B exact calibration,unimoral_consequence_generation,Spanish-rq4-long_id_3_MJI_Emotions-a,Spanish,0.61363822
Llama-3.1-8B exact calibration,unimoral_consequence_generation,Spanish-rq4-long_id_3_MJI_Emotions-b,Spanish,0.61557508
Llama-3.1-8B exact calibration,unimoral_consequence_generation,Spanish-rq4-long_id_40_MJI_Legality-a,Spanish,0.6199944
Llama-3.1-8B exact calibration,unimoral_consequence_generation,Spanish-rq4-long_id_40_MJI_Legality-b,Spanish,0.60624504
Llama-3.1-8B exact calibration,unimoral_consequence_generation,Spanish-rq4-long_id_41_MJI_Legality-a,Spanish,0.70773059
Llama-3.1-8B exact calibration,unimoral_consequence_generation,Spanish-rq4-long_id_41_MJI_Legality-b,Spanish,0.59698993
Llama-3.1-8B exact calibration,unimoral_consequence_generation,Spanish-rq4-long_id_42_MJI_Rules-a,Spanish,0.59961468
Llama-3.1-8B exact calibration,unimoral_consequence_generation,Spanish-rq4-long_id_43_MJI_Rules-a,Spanish,0.64784247
Llama-3.1-8B exact calibration,unimoral_consequence_generation,Spanish-rq4-long_id_44_MJI_Rules-a,Spanish,0.59695047
Llama-3.1-8B exact calibration,unimoral_consequence_generation,Spanish-rq4-long_id_44_MJI_Rules-b,Spanish,0.63496983
Llama-3.1-8B exact calibration,unimoral_consequence_generation,Spanish-rq4-long_id_45_MJI_Rules-b,Spanish,0.64786702
Llama-3.1-8B exact calibration,unimoral_consequence_generation,Spanish-rq4-long_id_46_MJI_Rules-a,Spanish,0.63578033
Llama-3.1-8B exact calibration,unimoral_consequence_generation,Spanish-rq4-long_id_46_MJI_Rules-b,Spanish,0.61857229
Llama-3.1-8B exact calibration,unimoral_consequence_generation,Spanish-rq4-long_id_47_MJI_Rules-b,Spanish,0.62494868
Llama-3.1-8B exact calibration,unimoral_consequence_generation,Spanish-rq4-long_id_48_MJI_Rules-a,Spanish,0.65178192
Llama-3.1-8B exact calibration,unimoral_consequence_generation,Spanish-rq4-long_id_49_MJI_Politeness-a,Spanish,0.542557
Llama-3.1-8B exact calibration,unimoral_consequence_generation,Spanish-rq4-long_id_49_MJI_Politeness-b,Spanish,0.6388526
Llama-3.1-8B exact calibration,unimoral_consequence_generation,Spanish-rq4-long_id_4_MJI_Emotions-a,Spanish,0.65896368
Llama-3.1-8B exact calibration,unimoral_consequence_generation,Spanish-rq4-long_id_4_MJI_Emotions-b,Spanish,0.59709781
Llama-3.1-8B exact calibration,unimoral_consequence_generation,Spanish-rq4-long_id_50_MJI_Politeness-a,Spanish,0.64274424
Llama-3.1-8B exact calibration,unimoral_consequence_generation,Spanish-rq4-long_id_50_MJI_Politeness-b,Spanish,0.58432984
Llama-3.1-8B exact calibration,unimoral_consequence_generation,Spanish-rq4-long_id_51_MJI_Politeness-a,Spanish,0.6736834
Llama-3.1-8B exact calibration,unimoral_consequence_generation,Spanish-rq4-long_id_51_MJI_Politeness-b,Spanish,0.64016831
Llama-3.1-8B exact calibration,unimoral_consequence_generation,Spanish-rq4-long_id_52_MJI_Politeness-a,Spanish,0.59141642
Llama-3.1-8B exact calibration,unimoral_consequence_generation,Spanish-rq4-long_id_52_MJI_Politeness-b,Spanish,0.66397715
Llama-3.1-8B exact calibration,unimoral_consequence_generation,Spanish-rq4-long_id_53_MJI_Politeness-b,Spanish,0.63335788
Llama-3.1-8B exact calibration,unimoral_consequence_generation,Spanish-rq4-long_id_54_MJI_Politeness-b,Spanish,0.61879039
Llama-3.1-8B exact calibration,unimoral_consequence_generation,Spanish-rq4-long_id_55_MJI_Politeness-a,Spanish,0.58663875
Llama-3.1-8B exact calibration,unimoral_consequence_generation,Spanish-rq4-long_id_55_MJI_Politeness-b,Spanish,0.60900521
Llama-3.1-8B exact calibration,unimoral_consequence_generation,Spanish-rq4-long_id_56_MJI_Sacred Values-a,Spanish,0.60103327
Llama-3.1-8B exact calibration,unimoral_consequence_generation,Spanish-rq4-long_id_57_MJI_Sacred Values-a,Spanish,0.69523513
Llama-3.1-8B exact calibration,unimoral_consequence_generation,Spanish-rq4-long_id_58_MJI_Sacred Values-a,Spanish,0.64197922
Llama-3.1-8B exact calibration,unimoral_consequence_generation,Spanish-rq4-long_id_59_MJI_Sacred Values-a,Spanish,0.62654382
Llama-3.1-8B exact calibration,unimoral_consequence_generation,Spanish-rq4-long_id_59_MJI_Sacred Values-b,Spanish,0.61752623
Llama-3.1-8B exact calibration,unimoral_consequence_generation,Spanish-rq4-long_id_5_MJI_Emotions-a,Spanish,0.69259602
Llama-3.1-8B exact calibration,unimoral_consequence_generation,Spanish-rq4-long_id_5_MJI_Emotions-b,Spanish,0.63818735
Llama-3.1-8B exact calibration,unimoral_consequence_generation,Spanish-rq4-long_id_60_MJI_Sacred Values-a,Spanish,0.63306195
Llama-3.1-8B exact calibration,unimoral_consequence_generation,Spanish-rq4-long_id_61_MJI_Sacred Values-a,Spanish,0.63750899
Llama-3.1-8B exact calibration,unimoral_consequence_generation,Spanish-rq4-long_id_62_MJI_Sacred Values-b,Spanish,0.5955599
Llama-3.1-8B exact calibration,unimoral_consequence_generation,Spanish-rq4-long_id_63_DIT_Emotions-b,Spanish,0.63815075
Llama-3.1-8B exact calibration,unimoral_consequence_generation,Spanish-rq4-long_id_64_DIT_Emotions-a,Spanish,0.66916013
Llama-3.1-8B exact calibration,unimoral_consequence_generation,Spanish-rq4-long_id_64_DIT_Emotions-b,Spanish,0.62456882
Llama-3.1-8B exact calibration,unimoral_consequence_generation,Spanish-rq4-long_id_65_DIT_Emotions-a,Spanish,0.65547812
Llama-3.1-8B exact calibration,unimoral_consequence_generation,Spanish-rq4-long_id_66_DIT_Emotions-a,Spanish,0.63770533
Llama-3.1-8B exact calibration,unimoral_consequence_generation,Spanish-rq4-long_id_67_DIT_Emotions-a,Spanish,0.59139669
Llama-3.1-8B exact calibration,unimoral_consequence_generation,Spanish-rq4-long_id_67_DIT_Emotions-b,Spanish,0.63700378
Llama-3.1-8B exact calibration,unimoral_consequence_generation,Spanish-rq4-long_id_68_DIT_Emotions-b,Spanish,0.62610322
Llama-3.1-8B exact calibration,unimoral_consequence_generation,Spanish-rq4-long_id_69_DIT_Moral-a,Spanish,0.61581534
Llama-3.1-8B exact calibration,unimoral_consequence_generation,Spanish-rq4-long_id_69_DIT_Moral-b,Spanish,0.59546453
Llama-3.1-8B exact calibration,unimoral_consequence_generation,Spanish-rq4-long_id_6_MJI_Emotions-b,Spanish,0.6825369
Llama-3.1-8B exact calibration,unimoral_consequence_generation,Spanish-rq4-long_id_70_DIT_Moral-b,Spanish,0.61385614
Llama-3.1-8B exact calibration,unimoral_consequence_generation,Spanish-rq4-long_id_71_DIT_Moral-a,Spanish,0.60870779
Llama-3.1-8B exact calibration,unimoral_consequence_generation,Spanish-rq4-long_id_71_DIT_Moral-b,Spanish,0.65008712
Llama-3.1-8B exact calibration,unimoral_consequence_generation,Spanish-rq4-long_id_72_DIT_Moral-b,Spanish,0.64223886
Llama-3.1-8B exact calibration,unimoral_consequence_generation,Spanish-rq4-long_id_73_DIT_Moral-b,Spanish,0.63610005
Llama-3.1-8B exact calibration,unimoral_consequence_generation,Spanish-rq4-long_id_74_DIT_Moral-a,Spanish,0.62975848
Llama-3.1-8B exact calibration,unimoral_consequence_generation,Spanish-rq4-long_id_74_DIT_Moral-b,Spanish,0.59653622
Llama-3.1-8B exact calibration,unimoral_consequence_generation,Spanish-rq4-long_id_75_DIT_Culture-a,Spanish,0.60290408
Llama-3.1-8B exact calibration,unimoral_consequence_generation,Spanish-rq4-long_id_76_DIT_Culture-a,Spanish,0.61396658
Llama-3.1-8B exact calibration,unimoral_consequence_generation,Spanish-rq4-long_id_76_DIT_Culture-b,Spanish,0.59526151
Llama-3.1-8B exact calibration,unimoral_consequence_generation,Spanish-rq4-long_id_77_DIT_Culture-a,Spanish,0.60713941
Llama-3.1-8B exact calibration,unimoral_consequence_generation,Spanish-rq4-long_id_78_DIT_Culture-a,Spanish,0.64070588
Llama-3.1-8B exact calibration,unimoral_consequence_generation,Spanish-rq4-long_id_79_DIT_Culture-a,Spanish,0.64979583
Llama-3.1-8B exact calibration,unimoral_consequence_generation,Spanish-rq4-long_id_79_DIT_Culture-b,Spanish,0.63631779
Llama-3.1-8B exact calibration,unimoral_consequence_generation,Spanish-rq4-long_id_7_MJI_Moral-a,Spanish,0.62430745
Llama-3.1-8B exact calibration,unimoral_consequence_generation,Spanish-rq4-long_id_7_MJI_Moral-b,Spanish,0.61118215
Llama-3.1-8B exact calibration,unimoral_consequence_generation,Spanish-rq4-long_id_80_DIT_Culture-b,Spanish,0.58646154
Llama-3.1-8B exact calibration,unimoral_consequence_generation,Spanish-rq4-long_id_81_DIT_Responsibilities-a,Spanish,0.62861973
Llama-3.1-8B exact calibration,unimoral_consequence_generation,Spanish-rq4-long_id_82_DIT_Responsibilities-a,Spanish,0.61535662
Llama-3.1-8B exact calibration,unimoral_consequence_generation,Spanish-rq4-long_id_82_DIT_Responsibilities-b,Spanish,0.64281255
Llama-3.1-8B exact calibration,unimoral_consequence_generation,Spanish-rq4-long_id_83_DIT_Responsibilities-a,Spanish,0.56336093
Llama-3.1-8B exact calibration,unimoral_consequence_generation,Spanish-rq4-long_id_83_DIT_Responsibilities-b,Spanish,0.69071674
Llama-3.1-8B exact calibration,unimoral_consequence_generation,Spanish-rq4-long_id_84_DIT_Responsibilities-a,Spanish,0.58072531
Llama-3.1-8B exact calibration,unimoral_consequence_generation,Spanish-rq4-long_id_84_DIT_Responsibilities-b,Spanish,0.61318004
Llama-3.1-8B exact calibration,unimoral_consequence_generation,Spanish-rq4-long_id_85_DIT_Responsibilities-a,Spanish,0.63924199
Llama-3.1-8B exact calibration,unimoral_consequence_generation,Spanish-rq4-long_id_86_DIT_Responsibilities-a,Spanish,0.60104603
Llama-3.1-8B exact calibration,unimoral_consequence_generation,Spanish-rq4-long_id_86_DIT_Responsibilities-b,Spanish,0.68458992
Llama-3.1-8B exact calibration,unimoral_consequence_generation,Spanish-rq4-long_id_87_DIT_Relationships-a,Spanish,0.62374365
Llama-3.1-8B exact calibration,unimoral_consequence_generation,Spanish-rq4-long_id_88_DIT_Relationships-a,Spanish,0.64620107
Llama-3.1-8B exact calibration,unimoral_consequence_generation,Spanish-rq4-long_id_88_DIT_Relationships-b,Spanish,0.56680107
Llama-3.1-8B exact calibration,unimoral_consequence_generation,Spanish-rq4-long_id_89_DIT_Relationships-a,Spanish,0.62791234
Llama-3.1-8B exact calibration,unimoral_consequence_generation,Spanish-rq4-long_id_8_MJI_Moral-a,Spanish,0.57830048
Llama-3.1-8B exact calibration,unimoral_consequence_generation,Spanish-rq4-long_id_8_MJI_Moral-b,Spanish,0.63042474
Llama-3.1-8B exact calibration,unimoral_consequence_generation,Spanish-rq4-long_id_90_DIT_Relationships-a,Spanish,0.63746911
Llama-3.1-8B exact calibration,unimoral_consequence_generation,Spanish-rq4-long_id_90_DIT_Relationships-b,Spanish,0.62407684
Llama-3.1-8B exact calibration,unimoral_consequence_generation,Spanish-rq4-long_id_91_DIT_Relationships-a,Spanish,0.63553441
Llama-3.1-8B exact calibration,unimoral_consequence_generation,Spanish-rq4-long_id_91_DIT_Relationships-b,Spanish,0.61640072
Llama-3.1-8B exact calibration,unimoral_consequence_generation,Spanish-rq4-long_id_92_DIT_Relationships-b,Spanish,0.60478693
Llama-3.1-8B exact calibration,unimoral_consequence_generation,Spanish-rq4-long_id_93_DIT_Legality-a,Spanish,0.57438409
Llama-3.1-8B exact calibration,unimoral_consequence_generation,Spanish-rq4-long_id_93_DIT_Legality-b,Spanish,0.62112319
Llama-3.1-8B exact calibration,unimoral_consequence_generation,Spanish-rq4-long_id_94_DIT_Legality-a,Spanish,0.60186231
Llama-3.1-8B exact calibration,unimoral_consequence_generation,Spanish-rq4-long_id_94_DIT_Legality-b,Spanish,0.62598997
Llama-3.1-8B exact calibration,unimoral_consequence_generation,Spanish-rq4-long_id_95_DIT_Legality-a,Spanish,0.60698819
Llama-3.1-8B exact calibration,unimoral_consequence_generation,Spanish-rq4-long_id_96_DIT_Legality-a,Spanish,0.64485317
Llama-3.1-8B exact calibration,unimoral_consequence_generation,Spanish-rq4-long_id_96_DIT_Legality-b,Spanish,0.66184473
Llama-3.1-8B exact calibration,unimoral_consequence_generation,Spanish-rq4-long_id_97_DIT_Legality-b,Spanish,0.64464676
Llama-3.1-8B exact calibration,unimoral_consequence_generation,Spanish-rq4-long_id_98_DIT_Legality-a,Spanish,0.62608153
Llama-3.1-8B exact calibration,unimoral_consequence_generation,Spanish-rq4-long_id_98_DIT_Legality-b,Spanish,0.58603257
Llama-3.1-8B exact calibration,unimoral_consequence_generation,Spanish-rq4-long_id_99_DIT_Rules-a,Spanish,0.62401628
Llama-3.1-8B exact calibration,unimoral_consequence_generation,Spanish-rq4-long_id_9_MJI_Moral-a,Spanish,0.62888312
Llama-3.1-8B exact calibration,unimoral_consequence_generation,Spanish-rq4-long_id_9_MJI_Moral-b,Spanish,0.63873541
